name	x	y	z	size	hemisphere	seizure_zone	Destrieux_label	Destrieux_label_text
RA1	11.470794	-2.9203065	-16.407948	n/a	R	n/a	54	Right_Amygdala
RA2	14.917032	-3.472496	-16.916066	n/a	R	n/a	54	Right_Amygdala
RA3	18.35839	-4.0245617	-17.424107	n/a	R	n/a	54	Right_Amygdala
RA4	21.804846	-4.5729794	-17.924573	n/a	R	n/a	54	Right_Amygdala
RA5	25.246204	-5.125045	-18.432613	n/a	R	n/a	54	Right_Amygdala
RA6	28.692442	-5.6772346	-18.940732	n/a	R	n/a	54	Right_Amygdala
RA7	32.138681	-6.2294241	-19.44885	n/a	R	n/a	41	Right_Cerebral_White_Matter
RA8	35.580256	-6.7777179	-19.949238	n/a	R	n/a	41	Right_Cerebral_White_Matter
RA9	39.026494	-7.3299074	-20.457357	n/a	R	n/a	41	Right_Cerebral_White_Matter
RA10	42.472733	-7.8820969	-20.965475	n/a	R	n/a	41	Right_Cerebral_White_Matter
RA11	45.91409	-8.4341626	-21.473516	n/a	R	n/a	41	Right_Cerebral_White_Matter
RA12	49.360547	-8.9825802	-21.973982	n/a	R	n/a	12173	rh_S_temporal_inf
RA13	52.801904	-9.5346459	-22.482023	n/a	R	n/a	12138	rh_G_temporal_middle
RA14	56.248143	-10.086835	-22.990141	n/a	R	n/a	12138	rh_G_temporal_middle
RA15	n/a	n/a	n/a	n/a	n/a	n/a	n/a	n/a
RBC1	18.17421	-5.018964	-24.633225	n/a	R	n/a	12123	rh_G_oc-temp_med-Parahip
RBC2	20.459428	-7.1695584	-23.416306	n/a	R	n/a	53	Right_Hippocampus
RBC3	22.744781	-9.3153272	-22.198653	n/a	R	n/a	53	Right_Hippocampus
RBC4	25.03	-11.465922	-20.981734	n/a	R	n/a	53	Right_Hippocampus
RBC5	27.310473	-13.611567	-19.764003	n/a	R	n/a	53	Right_Hippocampus
RBC6	36.451398	-22.208065	-14.902512	n/a	R	n/a	41	Right_Cerebral_White_Matter
RBC7	38.736751	-24.353834	-13.684859	n/a	R	n/a	41	Right_Cerebral_White_Matter
RBC8	41.01709	-26.504305	-12.467862	n/a	R	n/a	41	Right_Cerebral_White_Matter
RBC9	43.302443	-28.650073	-11.250209	n/a	R	n/a	41	Right_Cerebral_White_Matter
RBC10	45.587661	-30.800668	-10.03329	n/a	R	n/a	12174	rh_S_temporal_sup
RBC11	54.723841	-39.392217	-5.1709873	n/a	R	n/a	12138	rh_G_temporal_middle
RBC12	57.00906	-41.542811	-3.9540679	n/a	R	n/a	12138	rh_G_temporal_middle
RBC13	59.294413	-43.68858	-2.7364152	n/a	R	n/a	12138	rh_G_temporal_middle
RBC14	61.579631	-45.839175	-1.5194958	n/a	R	n/a	12138	rh_G_temporal_middle
RBC15	n/a	n/a	n/a	n/a	n/a	n/a	n/a	n/a
RSI1	5.6693682	-36.917202	44.842922	n/a	R	n/a	12103	rh_G_and_S_paracentral
RSI2	9.1675043	-36.678918	45.106012	n/a	R	n/a	41	Right_Cerebral_White_Matter
RSI3	12.665724	-36.441688	45.376022	n/a	R	n/a	41	Right_Cerebral_White_Matter
RSI4	16.168824	-36.204583	45.645954	n/a	R	n/a	41	Right_Cerebral_White_Matter
RSI5	19.666961	-35.966299	45.909044	n/a	R	n/a	41	Right_Cerebral_White_Matter
RSI6	23.16518	-35.72907	46.179054	n/a	R	n/a	41	Right_Cerebral_White_Matter
RSI7	26.663316	-35.490786	46.442144	n/a	R	n/a	41	Right_Cerebral_White_Matter
RSI8	30.161452	-35.252503	46.705234	n/a	R	n/a	41	Right_Cerebral_White_Matter
RSI9	33.664553	-35.015397	46.975166	n/a	R	n/a	41	Right_Cerebral_White_Matter
RSI10	37.162773	-34.778167	47.245176	n/a	R	n/a	41	Right_Cerebral_White_Matter
RSI11	40.660909	-34.539884	47.508266	n/a	R	n/a	12168	rh_S_postcentral
RSI12	44.159128	-34.302654	47.778276	n/a	R	n/a	12168	rh_S_postcentral
RSI13	47.662145	-34.064495	48.041288	n/a	R	n/a	12128	rh_G_postcentral
RSI14	51.160281	-33.826211	48.304378	n/a	R	n/a	12128	rh_G_postcentral
RSI15	54.658501	-33.588981	48.574388	n/a	R	n/a	0	n/a
RSS1	19.195363	-34.045603	35.337627	n/a	R	n/a	12147	rh_S_cingul-Marginalis
RSS2	20.796308	-34.056124	38.333253	n/a	R	n/a	41	Right_Cerebral_White_Matter
RSS3	22.397335	-34.067698	41.335798	n/a	R	n/a	41	Right_Cerebral_White_Matter
RSS4	23.99828	-34.078219	44.331423	n/a	R	n/a	41	Right_Cerebral_White_Matter
RSS5	25.599224	-34.08874	47.327049	n/a	R	n/a	12146	rh_S_central
RSS6	27.205133	-34.100439	50.329516	n/a	R	n/a	12146	rh_S_central
RSS7	28.806077	-34.11096	53.325142	n/a	R	n/a	12146	rh_S_central
RSS8	30.407021	-34.121481	56.320767	n/a	R	n/a	41	Right_Cerebral_White_Matter
RSS9	32.008049	-34.133055	59.323312	n/a	R	n/a	0	n/a
RSS10	33.608994	-34.143576	62.318938	n/a	R	n/a	12128	rh_G_postcentral
RSS11	n/a	n/a	n/a	n/a	n/a	n/a	n/a	n/a
RSS12	n/a	n/a	n/a	n/a	n/a	n/a	n/a	n/a
RL1	20.742144	-44.381877	26.862091	n/a	R	n/a	41	Right_Cerebral_White_Matter
RL2	20.610247	-45.83818	30.097537	n/a	R	n/a	41	Right_Cerebral_White_Matter
RL3	20.47835	-47.294482	33.332983	n/a	R	n/a	41	Right_Cerebral_White_Matter
RL4	20.346453	-48.750784	36.568429	n/a	R	n/a	41	Right_Cerebral_White_Matter
RL5	20.214338	-50.210858	39.796221	n/a	R	n/a	41	Right_Cerebral_White_Matter
RL6	20.082441	-51.667161	43.031667	n/a	R	n/a	41	Right_Cerebral_White_Matter
RL7	19.945663	-53.123339	46.267191	n/a	R	n/a	41	Right_Cerebral_White_Matter
RL8	19.813766	-54.579641	49.502636	n/a	R	n/a	12127	rh_G_parietal_sup
RL9	19.681869	-56.035944	52.738082	n/a	R	n/a	12127	rh_G_parietal_sup
RL10	19.549888	-57.491192	55.966608	n/a	R	n/a	12127	rh_G_parietal_sup
RL11	19.417857	-58.95232	59.201321	n/a	R	n/a	12127	rh_G_parietal_sup
RL12	19.28596	-60.408622	62.436766	n/a	R	n/a	12127	rh_G_parietal_sup
RL13	19.154063	-61.864925	65.672212	n/a	R	n/a	0	n/a
RL14	n/a	n/a	n/a	n/a	n/a	n/a	n/a	n/a
RL15	n/a	n/a	n/a	n/a	n/a	n/a	n/a	n/a
RK1	6.9629994	-10.264726	10.350068	n/a	R	n/a	49	Right_Thalamus
RK2	9.5902566	-12.22698	11.272881	n/a	R	n/a	49	Right_Thalamus
RK3	12.217296	-14.193005	12.188041	n/a	R	n/a	49	Right_Thalamus
RK4	14.844553	-16.155259	13.110853	n/a	R	n/a	49	Right_Thalamus
RK5	17.47181	-18.117513	14.033666	n/a	R	n/a	49	Right_Thalamus
RK6	20.098984	-20.078713	14.949558	n/a	R	n/a	41	Right_Cerebral_White_Matter
RK7	30.60766	-27.936325	18.632422	n/a	R	n/a	12141	rh_Lat_Fis-post
RK8	33.234918	-29.898579	19.555235	n/a	R	n/a	12141	rh_Lat_Fis-post
RK9	35.862091	-31.859779	20.471128	n/a	R	n/a	41	Right_Cerebral_White_Matter
RK10	38.489348	-33.822033	21.39394	n/a	R	n/a	41	Right_Cerebral_White_Matter
RK11	41.116471	-35.789112	22.31602	n/a	R	n/a	41	Right_Cerebral_White_Matter
RK12	43.743645	-37.750312	23.231913	n/a	R	n/a	41	Right_Cerebral_White_Matter
RK13	54.252455	-45.603099	26.91551	n/a	R	n/a	12174	rh_S_temporal_sup
RK14	56.879713	-47.565353	27.838322	n/a	R	n/a	12174	rh_S_temporal_sup
RK15	59.506752	-49.531378	28.753482	n/a	R	n/a	12125	rh_G_pariet_inf-Angular
RK16	62.134009	-51.493632	29.676295	n/a	R	n/a	12125	rh_G_pariet_inf-Angular
RK17	n/a	n/a	n/a	n/a	n/a	n/a	n/a	n/a
RK18	n/a	n/a	n/a	n/a	n/a	n/a	n/a	n/a
RMEG1	36.642539	-44.428697	22.017544	n/a	R	n/a	41	Right_Cerebral_White_Matter
RMEG2	40.005925	-45.220287	22.514904	n/a	R	n/a	41	Right_Cerebral_White_Matter
RMEG3	43.369227	-46.010823	23.005344	n/a	R	n/a	41	Right_Cerebral_White_Matter
RMEG4	46.732613	-46.802413	23.502704	n/a	R	n/a	41	Right_Cerebral_White_Matter
RMEG5	50.095999	-47.594003	24.000063	n/a	R	n/a	12174	rh_S_temporal_sup
RMEG6	53.459385	-48.385593	24.497423	n/a	R	n/a	12174	rh_S_temporal_sup
RMEG7	56.822687	-49.17613	24.987863	n/a	R	n/a	12174	rh_S_temporal_sup
RMEG8	60.186073	-49.96772	25.485222	n/a	R	n/a	12125	rh_G_pariet_inf-Angular
RPUL1	7.370972	-30.113405	5.6373779	n/a	R	n/a	49	Right_Thalamus
RPUL2	10.674438	-30.309303	5.4118362	n/a	R	n/a	49	Right_Thalamus
RPUL3	13.982784	-30.505325	5.1862167	n/a	R	n/a	49	Right_Thalamus
RPUL4	17.286384	-30.696397	4.9614082	n/a	R	n/a	49	Right_Thalamus
RPUL5	20.589849	-30.892295	4.7358665	n/a	R	n/a	49	Right_Thalamus
RPUL6	30.505127	-31.480113	4.0591637	n/a	R	n/a	41	Right_Cerebral_White_Matter
RPUL7	33.813473	-31.676134	3.8335441	n/a	R	n/a	41	Right_Cerebral_White_Matter
RPUL8	37.117156	-31.86826	3.6156554	n/a	R	n/a	41	Right_Cerebral_White_Matter
RPUL9	40.425502	-32.064282	3.3900359	n/a	R	n/a	41	Right_Cerebral_White_Matter
RPUL10	43.728968	-32.26018	3.1644942	n/a	R	n/a	41	Right_Cerebral_White_Matter
RPUL11	53.644245	-32.847997	2.4877913	n/a	R	n/a	12174	rh_S_temporal_sup
RPUL12	56.947845	-33.03907	2.2629828	n/a	R	n/a	12125	rh_G_pariet_inf-Angular
RPUL13	60.256191	-33.235091	2.0373633	n/a	R	n/a	12125	rh_G_pariet_inf-Angular
RPUL14	63.559657	-33.430989	1.8118217	n/a	R	n/a	12134	rh_G_temp_sup-Lateral
RPUL15	n/a	n/a	n/a	n/a	n/a	n/a	n/a	n/a
RQA1	17.019998	-54.49764	37.149767	n/a	R	n/a	41	Right_Cerebral_White_Matter
RQA2	17.47613	-53.633458	40.483615	n/a	R	n/a	41	Right_Cerebral_White_Matter
RQA3	17.932262	-52.769276	43.817463	n/a	R	n/a	41	Right_Cerebral_White_Matter
RQA4	18.388394	-51.905094	47.151311	n/a	R	n/a	41	Right_Cerebral_White_Matter
RQA5	18.844526	-51.040912	50.485159	n/a	R	n/a	41	Right_Cerebral_White_Matter
RQA6	19.295912	-50.17178	53.819818	n/a	R	n/a	41	Right_Cerebral_White_Matter
RQA7	19.752127	-49.308652	57.160586	n/a	R	n/a	12103	rh_G_and_S_paracentral
RQA8	20.208259	-48.44447	60.494433	n/a	R	n/a	12103	rh_G_and_S_paracentral
RQA9	20.664391	-47.580288	63.828281	n/a	R	n/a	12103	rh_G_and_S_paracentral
RQA10	21.120523	-46.716106	67.162129	n/a	R	n/a	0	n/a
RQA11	21.576655	-45.851924	70.495977	n/a	R	n/a	0	n/a
RQA12	n/a	n/a	n/a	n/a	n/a	n/a	n/a	n/a
RQ1	6.4264924	-56.241227	46.791387	n/a	R	n/a	12130	rh_G_precuneus
RQ2	9.1674595	-57.256119	48.74223	n/a	R	n/a	12130	rh_G_precuneus
RQ3	11.908343	-58.269957	50.686153	n/a	R	n/a	12130	rh_G_precuneus
RQ4	14.64931	-59.284848	52.636996	n/a	R	n/a	12127	rh_G_parietal_sup
RQ5	17.395074	-60.29881	54.580841	n/a	R	n/a	12127	rh_G_parietal_sup
RQ6	20.136041	-61.313701	56.531684	n/a	R	n/a	12127	rh_G_parietal_sup
RQ7	22.876925	-62.327539	58.475607	n/a	R	n/a	12127	rh_G_parietal_sup
RQ8	25.617892	-63.34243	60.42645	n/a	R	n/a	12127	rh_G_parietal_sup
RQP1	9.2511728	-56.634802	29.419272	n/a	R	n/a	12172	rh_S_subparietal
RQP2	10.0091	-58.774896	31.952103	n/a	R	n/a	41	Right_Cerebral_White_Matter
RQP3	10.766893	-60.919815	34.484201	n/a	R	n/a	41	Right_Cerebral_White_Matter
RQP4	11.529701	-63.060032	37.016954	n/a	R	n/a	41	Right_Cerebral_White_Matter
RQP5	12.287628	-65.200126	39.549784	n/a	R	n/a	41	Right_Cerebral_White_Matter
RQP6	13.045504	-67.346098	42.088802	n/a	R	n/a	12130	rh_G_precuneus
RQP7	13.803432	-69.486192	44.621632	n/a	R	n/a	12130	rh_G_precuneus
RQP8	14.566239	-71.626409	47.154385	n/a	R	n/a	12130	rh_G_precuneus
RQP9	15.324032	-73.771328	49.686483	n/a	R	n/a	12127	rh_G_parietal_sup
RQP10	16.081959	-75.911421	52.219313	n/a	R	n/a	12127	rh_G_parietal_sup
RM1	6.7603339	-32.315885	46.81209	n/a	R	n/a	12116	rh_G_front_sup
RM2	9.5909135	-30.620919	47.007654	n/a	R	n/a	41	Right_Cerebral_White_Matter
RM3	12.426591	-28.922305	47.210794	n/a	R	n/a	41	Right_Cerebral_White_Matter
RM4	15.257255	-27.228392	47.413278	n/a	R	n/a	41	Right_Cerebral_White_Matter
RM5	18.092849	-25.528725	47.609498	n/a	R	n/a	41	Right_Cerebral_White_Matter
RM6	26.589686	-20.440179	48.203766	n/a	R	n/a	12170	rh_S_precentral-sup-part
RM7	29.42523	-18.74639	48.406173	n/a	R	n/a	12170	rh_S_precentral-sup-part
RM8	32.255809	-17.051424	48.601737	n/a	R	n/a	41	Right_Cerebral_White_Matter
RM9	35.091487	-15.35281	48.804877	n/a	R	n/a	12146	rh_S_central
RM10	37.927031	-13.659021	49.007283	n/a	R	n/a	12129	rh_G_precentral
RM11	46.423868	-8.5704754	49.601551	n/a	R	n/a	12129	rh_G_precentral
RM12	49.259463	-6.8708076	49.797771	n/a	R	n/a	12129	rh_G_precentral
RM13	52.090126	-5.1768953	50.000255	n/a	R	n/a	12129	rh_G_precentral
RM14	n/a	n/a	n/a	n/a	n/a	n/a	n/a	n/a
RM15	n/a	n/a	n/a	n/a	n/a	n/a	n/a	n/a
RZ1	4.7673353	-38.592631	27.094058	n/a	R	n/a	12109	rh_G_cingul-Post-dorsal
RZ2	8.0818632	-38.338774	26.540323	n/a	R	n/a	41	Right_Cerebral_White_Matter
RZ3	11.401406	-38.080214	25.987244	n/a	R	n/a	41	Right_Cerebral_White_Matter
RZ4	14.715934	-37.826357	25.43351	n/a	R	n/a	41	Right_Cerebral_White_Matter
RZ5	18.030596	-37.567673	24.880508	n/a	R	n/a	41	Right_Cerebral_White_Matter
RZ6	21.345207	-37.314869	24.333694	n/a	R	n/a	41	Right_Cerebral_White_Matter
RZ7	24.66475	-37.05631	23.780615	n/a	R	n/a	41	Right_Cerebral_White_Matter
RZ8	27.979278	-36.802452	23.22688	n/a	R	n/a	41	Right_Cerebral_White_Matter
RZ9	31.29394	-36.543769	22.673879	n/a	R	n/a	41	Right_Cerebral_White_Matter
RZ10	34.608468	-36.289911	22.120144	n/a	R	n/a	41	Right_Cerebral_White_Matter
RZ11	37.927876	-36.036178	21.566332	n/a	R	n/a	41	Right_Cerebral_White_Matter
RZ12	41.242538	-35.777494	21.013331	n/a	R	n/a	41	Right_Cerebral_White_Matter
RZ13	44.557066	-35.523637	20.459596	n/a	R	n/a	41	Right_Cerebral_White_Matter
RZ14	47.876609	-35.265077	19.906517	n/a	R	n/a	41	Right_Cerebral_White_Matter
RZ15	51.191221	-35.012273	19.359702	n/a	R	n/a	12156	rh_S_interm_prim-Jensen
RV1	32.763517	15.335319	-7.2291353	n/a	R	n/a	12118	rh_G_insular_short
RV2	32.575318	12.827503	-4.9320559	n/a	R	n/a	12118	rh_G_insular_short
RV3	32.387118	10.319686	-2.6349765	n/a	R	n/a	12118	rh_G_insular_short
RV4	32.19382	7.8082215	-0.34547211	n/a	R	n/a	41	Right_Cerebral_White_Matter
RV5	32.005621	5.3004049	1.9516073	n/a	R	n/a	41	Right_Cerebral_White_Matter
RV6	31.817421	2.7925883	4.2486867	n/a	R	n/a	51	Right_Putamen
RV7	31.059525	-7.2423262	13.429429	n/a	R	n/a	41	Right_Cerebral_White_Matter
RV8	30.871325	-9.7501428	15.726509	n/a	R	n/a	41	Right_Cerebral_White_Matter
RV9	30.683126	-12.257959	18.023588	n/a	R	n/a	41	Right_Cerebral_White_Matter
RV10	30.489828	-14.769424	20.313093	n/a	R	n/a	41	Right_Cerebral_White_Matter
RV11	30.301628	-17.277241	22.610172	n/a	R	n/a	41	Right_Cerebral_White_Matter
RV12	30.113429	-19.785057	24.907251	n/a	R	n/a	41	Right_Cerebral_White_Matter
RV13	29.355532	-29.819972	34.087994	n/a	R	n/a	41	Right_Cerebral_White_Matter
RV14	29.167333	-32.327788	36.385074	n/a	R	n/a	41	Right_Cerebral_White_Matter
RV15	28.979133	-34.835605	38.682153	n/a	R	n/a	41	Right_Cerebral_White_Matter
RV16	28.785835	-37.34707	40.971657	n/a	R	n/a	41	Right_Cerebral_White_Matter
RV17	28.597636	-39.854886	43.268737	n/a	R	n/a	41	Right_Cerebral_White_Matter
RV18	28.409436	-42.362703	45.565816	n/a	R	n/a	12168	rh_S_postcentral
RP1	32.724535	-17.447925	-2.2362636	n/a	R	n/a	12149	rh_S_circular_insula_inf
RP2	32.052916	-15.996128	0.81831004	n/a	R	n/a	12149	rh_S_circular_insula_inf
RP3	31.376417	-14.544208	3.8729615	n/a	R	n/a	51	Right_Putamen
RP4	30.704882	-13.093464	6.9344548	n/a	R	n/a	51	Right_Putamen
RP5	30.033263	-11.641668	9.9890284	n/a	R	n/a	41	Right_Cerebral_White_Matter
RP6	29.356764	-10.189747	13.04368	n/a	R	n/a	41	Right_Cerebral_White_Matter
RP7	26.665358	-4.3883146	25.268239	n/a	R	n/a	41	Right_Cerebral_White_Matter
RP8	25.993739	-2.9365177	28.322812	n/a	R	n/a	41	Right_Cerebral_White_Matter
RP9	25.32212	-1.4847208	31.377386	n/a	R	n/a	41	Right_Cerebral_White_Matter
RP10	24.645704	-0.033853791	34.438957	n/a	R	n/a	41	Right_Cerebral_White_Matter
RP11	23.974086	1.4179431	37.493531	n/a	R	n/a	41	Right_Cerebral_White_Matter
RP12	23.302467	2.86974	40.548104	n/a	R	n/a	41	Right_Cerebral_White_Matter
RP13	20.60618	8.671296	52.772741	n/a	R	n/a	41	Right_Cerebral_White_Matter
RP14	19.934562	10.123093	55.827314	n/a	R	n/a	12155	rh_S_front_sup
RP15	19.263026	11.573836	58.888808	n/a	R	n/a	12116	rh_G_front_sup
RP16	18.586527	13.025757	61.943459	n/a	R	n/a	12116	rh_G_front_sup
RP17	17.914908	14.477554	64.998033	n/a	R	n/a	12116	rh_G_front_sup
RP18	n/a	n/a	n/a	n/a	n/a	n/a	n/a	n/a
EKG	n/a	n/a	n/a	n/a	n/a	n/a	n/a	n/a
Fz	n/a	n/a	n/a	n/a	n/a	n/a	n/a	n/a
Cz	n/a	n/a	n/a	n/a	n/a	n/a	n/a	n/a
Leye	n/a	n/a	n/a	n/a	n/a	n/a	n/a	n/a
Reye	n/a	n/a	n/a	n/a	n/a	n/a	n/a	n/a
Lchin	n/a	n/a	n/a	n/a	n/a	n/a	n/a	n/a
Rchin	n/a	n/a	n/a	n/a	n/a	n/a	n/a	n/a
