stimGroup,condition,stimFrequency_Hz,recID,fileName,sourceRecordingIdx,recordingDate,dayID,recordingOrder,daysSinceImplant,recordingDuration_min,nValidChannels,exposure_channel_min,logExposure,spikeCount,spikeRate,refType
LongtermStim100Hz_LANT,Stim100Hz,100,LongtermStim100Hz_LANTS001R01,LongtermStim100Hz_LANTS001R01.dat,23,11-Nov-2025,1,1,106,10.25,26,266.5,5.5853742436059,3,0.0219977850674635,BP
LongtermStim100Hz_LANT,Stim100Hz,100,LongtermStim100Hz_LANTS001R02,LongtermStim100Hz_LANTS001R02.dat,24,12-Nov-2025,2,1,107,4.28998333333333,26,111.539566666667,4.71437938594998,7,0.119739720059938,BP
LongtermStim100Hz_LANT,Stim100Hz,100,LongtermStim100Hz_LANTS001R03,LongtermStim100Hz_LANTS001R03.dat,25,12-Nov-2025,2,2,107,9.09166666666667,26,236.383333333333,5.46545478107251,14,0.126803247853855,BP
LongtermStim100Hz_LANT,Stim100Hz,100,LongtermStim100Hz_LANTS001R04,LongtermStim100Hz_LANTS001R04.dat,26,13-Nov-2025,3,1,108,10.25,26,266.5,5.5853742436059,18,0.131985032897269,BP
LongtermStim100Hz_LANT,Stim100Hz,100,LongtermStim100Hz_LANTS001R06,LongtermStim100Hz_LANTS001R06.dat,28,17-Nov-2025,5,1,112,10.25,26,266.5,5.5853742436059,9,0.0659927261350749,BP
LongtermStim100Hz_LANT,Stim100Hz,100,LongtermStim100Hz_LANTS001R07,LongtermStim100Hz_LANTS001R07.dat,29,18-Nov-2025,6,1,113,8.26666666666667,23,190.133333333333,5.24772558043198,11,0.112620740952331,BP
LongtermStim100Hz_LANT,Stim100Hz,100,LongtermStim100Hz_LANTS001R09,LongtermStim100Hz_LANTS001R09.dat,31,18-Nov-2025,6,2,113,0.325,23,7.475,2.01156411927675,5,0.86852298980354,BP
LongtermStim100Hz_LANT,Stim100Hz,100,LongtermStim100Hz_LANTS001R10,LongtermStim100Hz_LANTS001R10.dat,32,18-Nov-2025,6,3,113,0.265,23,6.095,1.80746876293323,0,0,BP
LongtermStim100Hz_LANT,Stim100Hz,100,LongtermStim100Hz_LANTS001R12,LongtermStim100Hz_LANTS001R12.dat,33,18-Nov-2025,6,4,113,0.943333333333333,26,24.5266666666667,3.19976096100852,1,0.0987459267305224,BP
LongtermStim100Hz_LANT,Stim100Hz,100,LongtermStim100Hz_LANTS001R14,LongtermStim100Hz_LANTS001R14.dat,34,18-Nov-2025,6,5,113,2.42166666666667,26,62.9633333333333,4.14255254637562,17,0.523335101727108,BP
LongtermStim100Hz_LANT,Stim100Hz,100,LongtermStim100Hz_LANTS001R15,LongtermStim100Hz_LANTS001R15.dat,35,18-Nov-2025,6,6,113,1.57833333333333,26,41.0366666666667,3.71446597599141,12,0.79943151536685,BP
LongtermStim100Hz_LANT,Stim100Hz,100,LongtermStim100Hz_LANTS001R20,LongtermStim100Hz_LANTS001R20.dat,38,19-Nov-2025,7,1,114,6.63833333333333,23,152.681666666667,5.02835514389465,16,0.214205004899939,BP
LongtermStim100Hz_LANT,Stim100Hz,100,LongtermStim100Hz_LANTS001R21,LongtermStim100Hz_LANTS001R21.dat,39,19-Nov-2025,7,2,114,4.335,26,112.71,4.72481814825399,0,0,BP
LongtermStim100Hz_LANT,Stim100Hz,100,LongtermStim100Hz_LANTS001R22,LongtermStim100Hz_LANTS001R22.dat,40,19-Nov-2025,7,3,114,4.18833333333333,26,108.896666666667,4.69039942034893,0,0,BP
LongtermStim100Hz_LANT,Stim100Hz,100,LongtermStim100Hz_LANTS001R24,LongtermStim100Hz_LANTS001R24.dat,42,19-Nov-2025,7,4,114,10.25,26,266.5,5.5853742436059,7,0.0513281651574149,BP
LongtermStim100Hz_LANT,Stim100Hz,100,LongtermStim100Hz_LANTS001R25,LongtermStim100Hz_LANTS001R25.dat,43,20-Nov-2025,8,1,115,10.25,26,266.5,5.5853742436059,2,0.0146655162383929,BP
LongtermStim100Hz_LANT,Stim100Hz,100,LongtermStim100Hz_LANTS001R26,LongtermStim100Hz_LANTS001R26.dat,44,21-Nov-2025,9,1,116,4.39166666666667,24,105.4,4.65776263610726,2,0.0370631184907898,BP
LongtermStim100Hz_LANT,Stim100Hz,100,LongtermStim100Hz_LANTS001R27,LongtermStim100Hz_LANTS001R27.dat,45,21-Nov-2025,9,2,116,6.03666666666667,26,156.953333333333,5.05594852124869,2,0.0253556338950733,BP
LongtermStim100Hz_LANT,Stim100Hz,100,LongtermStim100Hz_LANTS001R28,LongtermStim100Hz_LANTS001R28.dat,46,24-Nov-2025,10,1,119,5.63166666666667,26,146.423333333333,4.98650196951963,19,0.277975286533999,BP
LongtermStim100Hz_LANT,Stim100Hz,100,LongtermStim100Hz_LANTS001R29,LongtermStim100Hz_LANTS001R29.dat,47,24-Nov-2025,10,2,119,10.25,26,266.5,5.5853742436059,2,0.0146651900449757,BP
LongtermStim100Hz_LANT,Stim100Hz,100,LongtermStim100Hz_LANTS001R30,LongtermStim100Hz_LANTS001R30.dat,48,25-Nov-2025,11,1,120,10.25,23,235.75,5.46277192151357,28,0.232092572885702,BP
LongtermStim100Hz_LANT,Stim100Hz,100,LongtermStim100Hz_LANTS001R31,LongtermStim100Hz_LANTS001R31.dat,49,26-Nov-2025,12,1,121,8.78833333333333,23,202.131666666667,5.30891930024347,10,0.102442799782207,BP
LongtermStim100Hz_LANT,Stim100Hz,100,LongtermStim100Hz_LANTS001R32,LongtermStim100Hz_LANTS001R32.dat,50,26-Nov-2025,12,2,121,10.25,23,235.75,5.46277192151357,11,0.077155235046994,BP
LongtermStim100Hz_LANT,Stim100Hz,100,LongtermStim100Hz_LANTS001R33,LongtermStim100Hz_LANTS001R33.dat,51,28-Nov-2025,13,1,123,10.25,23,235.75,5.46277192151357,17,0.140914691074933,BP
LongtermStim100Hz_LANT,Stim100Hz,100,LongtermStim100Hz_LANTS001R34,LongtermStim100Hz_LANTS001R34.dat,52,01-Dec-2025,14,1,126,10.25,23,235.75,5.46277192151357,38,0.314990784447247,BP
LongtermStim100Hz_LANT,Stim100Hz,100,LongtermStim100Hz_LANTS001R36,LongtermStim100Hz_LANTS001R36.dat,54,02-Dec-2025,15,1,127,10.25,26,266.5,5.5853742436059,22,0.16132170383095,BP
LongtermStim100Hz_LANT,Stim100Hz,100,LongtermStim100Hz_LANTS001R37,LongtermStim100Hz_LANTS001R37.dat,55,03-Dec-2025,16,1,128,10.25,26,266.5,5.5853742436059,12,0.0879936566350639,BP
LongtermStim100Hz_LANT,Stim100Hz,100,LongtermStim100Hz_LANTS001R38,LongtermStim100Hz_LANTS001R38.dat,56,04-Dec-2025,17,1,129,0.6,23,13.8,2.62466859216316,2,0.347247341387542,BP
LongtermStim100Hz_LANT,Stim100Hz,100,LongtermStim100Hz_LANTS001R39,LongtermStim100Hz_LANTS001R39.dat,57,04-Dec-2025,17,2,129,3.48166666666667,26,90.5233333333333,4.5056076443619,7,0.181935218933045,BP
LongtermStim100Hz_LANT,Stim100Hz,100,LongtermStim100Hz_LANTS001R40,LongtermStim100Hz_LANTS001R40.dat,58,04-Dec-2025,17,3,129,3.12166666666667,26,81.1633333333333,4.39646358524942,12,0.369383447722494,BP
LongtermStim100Hz_LANT,Stim100Hz,100,LongtermStim100Hz_LANTS001R41,LongtermStim100Hz_LANTS001R41.dat,59,04-Dec-2025,17,4,129,0.938333333333333,23,21.5816666666667,3.07184418885269,0,0,BP
LongtermStim100Hz_LANT,Stim100Hz,100,LongtermStim100Hz_LANTS001R42,LongtermStim100Hz_LANTS001R42.dat,60,04-Dec-2025,17,5,129,10.25,26,266.5,5.5853742436059,1,0.00733261832157344,BP
LongtermStim100Hz_LANT,Stim100Hz,100,LongtermStim100Hz_LANTS001R43,LongtermStim100Hz_LANTS001R43.dat,61,05-Dec-2025,18,1,130,10.25,26,266.5,5.5853742436059,18,0.131984194159504,BP
LongtermStim100Hz_LANT,Stim100Hz,100,LongtermStim100Hz_LANTS001R44,LongtermStim100Hz_LANTS001R44.dat,62,08-Dec-2025,19,1,133,4.41,26,114.66,4.74197122748024,4,0.0684237115530016,BP
LongtermStim100Hz_LANT,Stim100Hz,100,LongtermStim100Hz_LANTS001R45,LongtermStim100Hz_LANTS001R45.dat,63,08-Dec-2025,19,2,133,0.498333333333333,25,12.4583333333333,2.52238974304274,4,0.639105252646295,BP
LongtermStim100Hz_LANT,Stim100Hz,100,LongtermStim100Hz_LANTS001R46,LongtermStim100Hz_LANTS001R46.dat,64,08-Dec-2025,19,3,133,10.25,26,266.5,5.5853742436059,4,0.0293312188783546,BP
LongtermStim100Hz_LANT,Stim100Hz,100,LongtermStim100Hz_LANTS001R47,LongtermStim100Hz_LANTS001R47.dat,65,09-Dec-2025,20,1,134,10.25,26,266.5,5.5853742436059,3,0.0219979248624213,BP
LongtermStim100Hz_LANT,Stim100Hz,100,LongtermStim100Hz_LANTS001R48,LongtermStim100Hz_LANTS001R48.dat,66,10-Dec-2025,21,1,135,7.46833333333333,26,194.176666666667,5.26876839759148,0,0,BP
LongtermStim100Hz_LANT,Stim100Hz,100,LongtermStim100Hz_LANTS001R49,LongtermStim100Hz_LANTS001R49.dat,67,10-Dec-2025,21,2,135,10.25,26,266.5,5.5853742436059,1,0.00733287462128758,BP
LongtermStim100Hz_LANT,Stim100Hz,100,LongtermStim100Hz_LANTS001R50,LongtermStim100Hz_LANTS001R50.dat,68,11-Dec-2025,22,1,136,10.25,26,266.5,5.5853742436059,0,0,BP
LongtermStim100Hz_LANT,Stim100Hz,100,LongtermStim100Hz_LANTS001R51,LongtermStim100Hz_LANTS001R51.dat,69,12-Dec-2025,23,1,137,10.25,26,266.5,5.5853742436059,2,0.0146653764394373,BP
LongtermStim100Hz_LANT,Stim100Hz,100,LongtermStim100Hz_LANTS001R52,LongtermStim100Hz_LANTS001R52.dat,70,15-Dec-2025,24,1,140,10.25,26,266.5,5.5853742436059,4,0.029330846077586,BP
LongtermStim100Hz_LANT,Stim100Hz,100,LongtermStim100Hz_LANTS001R53,LongtermStim100Hz_LANTS001R53.dat,71,19-Dec-2025,25,1,144,10.25,26,266.5,5.5853742436059,1,0.00733289792215004,BP
LongtermStim100Hz_LANT,Stim100Hz,100,LongtermStim100Hz_LANTS001R54,LongtermStim100Hz_LANTS001R54.dat,72,22-Dec-2025,26,1,147,10.25,23,235.75,5.46277192151357,8,0.0663125850925164,BP
LongtermStim100Hz_LANT,Stim100Hz,100,LongtermStim100Hz_LANTS001R56,LongtermStim100Hz_LANTS001R56.dat,74,08-Jan-2026,27,1,164,10.25,26,266.5,5.5853742436059,0,0,BP
LongtermStim100Hz_LANT,Stim100Hz,100,LongtermStim100Hz_LANTS001R58,LongtermStim100Hz_LANTS001R58.dat,76,09-Jan-2026,28,1,165,10.25,26,266.5,5.5853742436059,3,0.0219989034768778,BP
LongtermStim100Hz_LANT,Stim100Hz,100,LongtermStim100Hz_LANTS001R59,LongtermStim100Hz_LANTS001R59.dat,77,12-Jan-2026,29,1,168,10.25,26,266.5,5.5853742436059,4,0.0293309392768897,BP
LongtermStim100Hz_LANT,Stim100Hz,100,LongtermStim100Hz_LANTS001R60,LongtermStim100Hz_LANTS001R60.dat,78,13-Jan-2026,30,1,169,2.66833333333333,26,69.3766666666667,4.23955059580205,1,0.0307803116814361,BP
LongtermStim100Hz_LANT,Stim100Hz,100,LongtermStim100Hz_LANTS001R61,LongtermStim100Hz_LANTS001R61.dat,79,13-Jan-2026,30,2,169,10.25,26,266.5,5.5853742436059,6,0.0439969681200413,BP
LongtermStim100Hz_LANT,Stim100Hz,100,LongtermStim100Hz_LANTS001R62,LongtermStim100Hz_LANTS001R62.dat,80,14-Jan-2026,31,1,170,6.625,26,172.25,5.14894690989377,1,0.0118436122069742,BP
LongtermStim100Hz_LANT,Stim100Hz,100,LongtermStim100Hz_LANTS001R63,LongtermStim100Hz_LANTS001R63.dat,81,14-Jan-2026,31,2,170,0.501666666666667,26,13.0433333333333,2.56827714755421,0,0,BP
LongtermStim100Hz_LANT,Stim100Hz,100,LongtermStim100Hz_LANTS001R65,LongtermStim100Hz_LANTS001R65.dat,83,14-Jan-2026,31,3,170,0.305,20,6.1,1.80828877117927,0,0,BP
LongtermStim100Hz_LANT,Stim100Hz,100,LongtermStim100Hz_LANTS001R68,LongtermStim100Hz_LANTS001R68.dat,84,14-Jan-2026,31,4,170,4.255,26,110.63,4.70619130004682,1,0.0171056742942769,BP
LongtermStim100Hz_LANT,Stim100Hz,100,LongtermStim100Hz_LANTS001R70,LongtermStim100Hz_LANTS001R70.dat,86,15-Jan-2026,32,1,171,2.835,26,73.71,4.3001384752012,0,0,BP
LongtermStim100Hz_LANT,Stim100Hz,100,LongtermStim100Hz_LANTS001R71,LongtermStim100Hz_LANTS001R71.dat,87,15-Jan-2026,32,2,171,1.835,26,47.71,3.86514101952802,0,0,BP
LongtermStim100Hz_LANT,Stim100Hz,100,LongtermStim100Hz_LANTS001R72,LongtermStim100Hz_LANTS001R72.dat,88,16-Jan-2026,33,1,172,10.25,26,266.5,5.5853742436059,0,0,BP
LongtermStim100Hz_LANT,Stim100Hz,100,LongtermStim100Hz_LANTS001R73,LongtermStim100Hz_LANTS001R73.dat,89,19-Jan-2026,34,1,175,10.25,26,266.5,5.5853742436059,0,0,BP
LongtermStim100Hz_LANT,Stim100Hz,100,LongtermStim100Hz_LANTS001R75,LongtermStim100Hz_LANTS001R75.dat,90,29-Jan-2026,35,1,185,1.24833333333333,26,32.4566666666667,3.47990586632256,9,0.277292800657287,BP
LongtermStim100Hz_LANT,Stim100Hz,100,LongtermStim100Hz_LANTS001R76,LongtermStim100Hz_LANTS001R76.dat,91,29-Jan-2026,35,2,185,2.84333333333333,26,73.9266666666667,4.30307361085696,0,0,BP
LongtermStim100Hz_LANT,Stim100Hz,100,LongtermStim100Hz_LANTS001R77,LongtermStim100Hz_LANTS001R77.dat,92,29-Jan-2026,35,3,185,6.34166666666667,26,164.883333333333,5.10523815310112,1,0.0124843373584224,BP
LongtermStim100Hz_LANT,Stim100Hz,100,LongtermStim100Hz_LANTS001R78,LongtermStim100Hz_LANTS001R78.dat,93,29-Jan-2026,35,4,185,4.25,26,110.5,4.70501552095781,2,0.0342174358366049,BP
LongtermStim100Hz_LANT,Stim100Hz,100,LongtermStim100Hz_LANTS001R79,LongtermStim100Hz_LANTS001R79.dat,94,02-Feb-2026,36,1,189,10.25,26,266.5,5.5853742436059,0,0,BP
LongtermStim100Hz_LANT,Stim100Hz,100,LongtermStim100Hz_LANTS001R80,LongtermStim100Hz_LANTS001R80.dat,95,06-Feb-2026,37,1,193,0.485,25,12.125,2.49526943682355,0,0,BP
LongtermStim100Hz_LANT,Stim100Hz,100,LongtermStim100Hz_LANTS001R81,LongtermStim100Hz_LANTS001R81.dat,96,06-Feb-2026,37,2,193,7.44666666666667,26,193.613333333333,5.26586304299443,2,0.0223426324610894,BP
LongtermStim100Hz_LANT,Stim100Hz,100,LongtermStim100Hz_LANTS001R82,LongtermStim100Hz_LANTS001R82.dat,97,12-Feb-2026,38,1,199,10.25,26,266.5,5.5853742436059,0,0,BP
LongtermStim100Hz_LANT,Stim100Hz,100,LongtermStim100Hz_LANTS001R84,LongtermStim100Hz_LANTS001R84.dat,98,10-Mar-2026,39,1,225,4.30166666666667,26,111.843333333333,4.71709908252395,0,0,BP
LongtermStim125Hz_LANT,Stim125Hz,125,LongtermStim125Hz_LANTS001R01,LongtermStim125Hz_LANTS001R01.dat,100,24-Nov-2025,1,1,119,10.25,23,235.75,5.46277192151357,0,0,BP
LongtermStim125Hz_LANT,Stim125Hz,125,LongtermStim125Hz_LANTS001R02,LongtermStim125Hz_LANTS001R02.dat,101,25-Nov-2025,2,1,120,10.25,23,235.75,5.46277192151357,0,0,BP
LongtermStim125Hz_LANT,Stim125Hz,125,LongtermStim125Hz_LANTS001R03,LongtermStim125Hz_LANTS001R03.dat,102,26-Nov-2025,3,1,121,8.00666666666667,23,184.153333333333,5.21576874391288,13,0.141231966443285,BP
LongtermStim125Hz_LANT,Stim125Hz,125,LongtermStim125Hz_LANTS001R04,LongtermStim125Hz_LANTS001R04.dat,103,26-Nov-2025,3,2,121,0.776666666666667,25,19.4166666666667,2.9661318037777,7,1.11806202582191,BP
LongtermStim125Hz_LANT,Stim125Hz,125,LongtermStim125Hz_LANTS001R05,LongtermStim125Hz_LANTS001R05.dat,104,26-Nov-2025,3,3,121,7.07833333333333,23,162.801666666667,5.09253269102627,0,0,BP
LongtermStim125Hz_LANT,Stim125Hz,125,LongtermStim125Hz_LANTS001R06,LongtermStim125Hz_LANTS001R06.dat,105,26-Nov-2025,3,4,121,10.25,23,235.75,5.46277192151357,9,0.0746161207852601,BP
LongtermStim125Hz_LANT,Stim125Hz,125,LongtermStim125Hz_LANTS001R07,LongtermStim125Hz_LANTS001R07.dat,106,28-Nov-2025,4,1,123,10.25,23,235.75,5.46277192151357,42,0.34819749762065,BP
LongtermStim125Hz_LANT,Stim125Hz,125,LongtermStim125Hz_LANTS001R08,LongtermStim125Hz_LANTS001R08.dat,107,28-Nov-2025,4,2,123,10.25,23,235.75,5.46277192151357,26,0.215655690759693,BP
LongtermStim125Hz_LANT,Stim125Hz,125,LongtermStim125Hz_LANTS001R09,LongtermStim125Hz_LANTS001R09.dat,108,01-Dec-2025,5,1,126,10.25,23,235.75,5.46277192151357,9,0.0746158836489654,BP
LongtermStim125Hz_LANT,Stim125Hz,125,LongtermStim125Hz_LANTS001R10,LongtermStim125Hz_LANTS001R10.dat,109,02-Dec-2025,6,1,127,4.28165,26,111.3229,4.71243498734244,8,0.136873802354229,BP
LongtermStim125Hz_LANT,Stim125Hz,125,LongtermStim125Hz_LANTS001R11,LongtermStim125Hz_LANTS001R11.dat,111,02-Dec-2025,6,2,127,4.2,26,109.2,4.6931810633108,23,0.402537033407073,BP
LongtermStim125Hz_LANT,Stim125Hz,125,LongtermStim125Hz_LANTS001R12,LongtermStim125Hz_LANTS001R12.dat,112,02-Dec-2025,6,3,127,10.25,26,266.5,5.5853742436059,23,0.15591965934492,BP
LongtermStim125Hz_LANT,Stim125Hz,125,LongtermStim125Hz_LANTS001R13,LongtermStim125Hz_LANTS001R13.dat,113,03-Dec-2025,8,1,128,10.25,26,266.5,5.5853742436059,14,0.102723242062917,BP
LongtermStim125Hz_LANT,Stim125Hz,125,LongtermStim125Hz_LANTS001R14,LongtermStim125Hz_LANTS001R14.dat,114,04-Dec-2025,9,1,129,0.501666666666667,26,13.0433333333333,2.56827714755421,1,0.153620843276016,BP
LongtermStim125Hz_LANT,Stim125Hz,125,LongtermStim125Hz_LANTS001R15,LongtermStim125Hz_LANTS001R15.dat,115,04-Dec-2025,9,2,129,0.5,22,11,2.39789527279837,1,0.181563992229061,BP
LongtermStim125Hz_LANT,Stim125Hz,125,LongtermStim125Hz_LANTS001R16,LongtermStim125Hz_LANTS001R16.dat,116,04-Dec-2025,9,3,129,2,26,52,3.95124371858143,4,0.154015570974225,BP
LongtermStim125Hz_LANT,Stim125Hz,125,LongtermStim125Hz_LANTS001R17,LongtermStim125Hz_LANTS001R17.dat,117,04-Dec-2025,9,4,129,8.32166666666667,26,216.363333333333,5.37695909330595,17,0.15400196760161,BP
LongtermStim125Hz_LANT,Stim125Hz,125,LongtermStim125Hz_LANTS001R18,LongtermStim125Hz_LANTS001R18.dat,118,04-Dec-2025,9,5,129,0.518333333333333,26,13.4766666666667,2.60095979498457,0,0,BP
LongtermStim125Hz_LANT,Stim125Hz,125,LongtermStim125Hz_LANTS001R19,LongtermStim125Hz_LANTS001R19.dat,119,04-Dec-2025,9,6,129,4.835,23,111.205,4.71137534483441,24,0.464166955696553,BP
LongtermStim125Hz_LANT,Stim125Hz,125,LongtermStim125Hz_LANTS001R20,LongtermStim125Hz_LANTS001R20.dat,120,04-Dec-2025,9,7,129,1.23,26,31.98,3.46511070740581,4,0.614442470263545,BP
LongtermStim125Hz_LANT,Stim125Hz,125,LongtermStim125Hz_LANTS001R22,LongtermStim125Hz_LANTS001R22.dat,121,04-Dec-2025,9,8,129,10.25,26,266.5,5.5853742436059,51,0.374021768066902,BP
LongtermStim125Hz_LANT,Stim125Hz,125,LongtermStim125Hz_LANTS001R23,LongtermStim125Hz_LANTS001R23.dat,122,05-Dec-2025,10,1,130,10.25,26,266.5,5.5853742436059,12,0.0880065203053044,BP
LongtermStim125Hz_LANT,Stim125Hz,125,LongtermStim125Hz_LANTS001R24,LongtermStim125Hz_LANTS001R24.dat,123,08-Dec-2025,11,1,133,10.25,26,266.5,5.5853742436059,2,0.0146677067700512,BP
LongtermStim125Hz_LANT,Stim125Hz,125,LongtermStim125Hz_LANTS001R25,LongtermStim125Hz_LANTS001R25.dat,124,09-Dec-2025,12,1,134,10.25,26,266.5,5.5853742436059,0,0,BP
LongtermStim125Hz_LANT,Stim125Hz,125,LongtermStim125Hz_LANTS001R26,LongtermStim125Hz_LANTS001R26.dat,125,10-Dec-2025,13,1,135,10.25,26,266.5,5.5853742436059,7,0.0513381157640285,BP
LongtermStim125Hz_LANT,Stim125Hz,125,LongtermStim125Hz_LANTS001R27,LongtermStim125Hz_LANTS001R27.dat,126,11-Dec-2025,14,1,136,10.1033333333333,23,232.376666666667,5.44835961833075,2,0.0170628445894786,BP
LongtermStim125Hz_LANT,Stim125Hz,125,LongtermStim125Hz_LANTS001R28,LongtermStim125Hz_LANTS001R28.dat,127,12-Dec-2025,15,1,137,10.25,26,266.5,5.5853742436059,0,0,BP
LongtermStim125Hz_LANT,Stim125Hz,125,LongtermStim125Hz_LANTS001R29,LongtermStim125Hz_LANTS001R29.dat,128,15-Dec-2025,16,1,140,8.28833333333333,26,215.496666666667,5.37294544152007,1,0.00905858367232567,BP
LongtermStim125Hz_LANT,Stim125Hz,125,LongtermStim125Hz_LANTS001R30,LongtermStim125Hz_LANTS001R30.dat,129,15-Dec-2025,16,2,140,1.67166666666667,26,43.4633333333333,3.77191767076727,6,0.344174840819136,BP
LongtermStim125Hz_LANT,Stim125Hz,125,LongtermStim125Hz_LANTS001R31,LongtermStim125Hz_LANTS001R31.dat,130,15-Dec-2025,16,3,140,0.235,25,5.875,1.77070606003022,1,0.170212765957447,BP
LongtermStim125Hz_LANT,Stim125Hz,125,LongtermStim125Hz_LANTS001R33,LongtermStim125Hz_LANTS001R33.dat,132,15-Dec-2025,16,4,140,0.24,21,5.04,1.61740608208328,2,0.396825396825397,BP
LongtermStim125Hz_LANT,Stim125Hz,125,LongtermStim125Hz_LANTS001R34,LongtermStim125Hz_LANTS001R34.dat,133,15-Dec-2025,16,5,140,0.548333333333333,20,10.9666666666667,2.39486036910322,0,0,BP
LongtermStim125Hz_LANT,Stim125Hz,125,LongtermStim125Hz_LANTS001R35,LongtermStim125Hz_LANTS001R35.dat,134,15-Dec-2025,16,6,140,8.34333333333333,26,216.926666666667,5.37955935479706,5,0.0452922072039973,BP
LongtermStim125Hz_LANT,Stim125Hz,125,LongtermStim125Hz_LANTS001R36,LongtermStim125Hz_LANTS001R36.dat,135,15-Dec-2025,16,7,140,6.35166666666667,26,165.143333333333,5.1068137836792,8,0.0947620288550378,BP
LongtermStim125Hz_LANT,Stim125Hz,125,LongtermStim125Hz_LANTS001R39,LongtermStim125Hz_LANTS001R39.dat,138,15-Dec-2025,16,8,140,0.356666666666667,25,8.91666666666667,2.18792218467391,4,0.639062708028225,BP
LongtermStim125Hz_LANT,Stim125Hz,125,LongtermStim125Hz_LANTS001R40,LongtermStim125Hz_LANTS001R40.dat,139,19-Dec-2025,17,1,144,4.285,23,98.555,4.59061476797889,29,0.560851772678396,BP
LongtermStim125Hz_LANT,Stim125Hz,125,LongtermStim125Hz_LANTS001R41,LongtermStim125Hz_LANTS001R41.dat,140,19-Dec-2025,17,2,144,0.286666666666667,25,7.16666666666667,1.96944064646551,10,1.59723146545987,BP
LongtermStim125Hz_LANT,Stim125Hz,125,LongtermStim125Hz_LANTS001R42,LongtermStim125Hz_LANTS001R42.dat,141,19-Dec-2025,17,3,144,0.431666666666667,26,11.2233333333333,2.41799494450487,1,0.152132131827563,BP
LongtermStim125Hz_LANT,Stim125Hz,125,LongtermStim125Hz_LANTS001R43,LongtermStim125Hz_LANTS001R43.dat,142,19-Dec-2025,17,4,144,4.405,23,101.315,4.61823447531729,29,0.560872562984538,BP
LongtermStim125Hz_LANT,Stim125Hz,125,LongtermStim125Hz_LANTS001R44,LongtermStim125Hz_LANTS001R44.dat,143,19-Dec-2025,17,5,144,0.268333333333333,25,6.70833333333333,1.90335053463652,0,0,BP
LongtermStim125Hz_LANT,Stim125Hz,125,LongtermStim125Hz_LANTS001R45,LongtermStim125Hz_LANTS001R45.dat,144,19-Dec-2025,17,6,144,0.293333333333333,26,7.62666666666667,2.03165087784349,0,0,BP
LongtermStim125Hz_LANT,Stim125Hz,125,LongtermStim125Hz_LANTS001R46,LongtermStim125Hz_LANTS001R46.dat,145,19-Dec-2025,17,7,144,0.25,26,6.5,1.87180217690159,0,0,BP
LongtermStim125Hz_LANT,Stim125Hz,125,LongtermStim125Hz_LANTS001R47,LongtermStim125Hz_LANTS001R47.dat,146,19-Dec-2025,17,8,144,0.298333333333333,22,6.56333333333333,1.88149860398292,1,0.18150357562044,BP
LongtermStim125Hz_LANT,Stim125Hz,125,LongtermStim125Hz_LANTS001R49,LongtermStim125Hz_LANTS001R49.dat,147,19-Dec-2025,17,9,144,5.86833333333333,23,134.971666666667,4.90506487986806,20,0.233997313710839,BP
LongtermStim125Hz_LANT,Stim125Hz,125,LongtermStim125Hz_LANTS001R51,LongtermStim125Hz_LANTS001R51.dat,149,19-Dec-2025,17,10,144,0.388333333333333,25,9.70833333333333,2.27298462321775,4,0.412017167381974,BP
LongtermStim125Hz_LANT,Stim125Hz,125,LongtermStim125Hz_LANTS001R52,LongtermStim125Hz_LANTS001R52.dat,150,19-Dec-2025,17,11,144,0.28,25,7,1.94591014905531,0,0,BP
LongtermStim125Hz_LANT,Stim125Hz,125,LongtermStim125Hz_LANTS001R53,LongtermStim125Hz_LANTS001R53.dat,151,19-Dec-2025,17,12,144,4.295,26,111.67,4.7155480934577,7,0.119761025428117,BP
LongtermStim125Hz_LANT,Stim125Hz,125,LongtermStim125Hz_LANTS001R54,LongtermStim125Hz_LANTS001R54.dat,152,22-Dec-2025,18,1,147,2.465,21,51.765,3.94671424521808,11,0.419360741734781,BP
LongtermStim125Hz_LANT,Stim125Hz,125,LongtermStim125Hz_LANTS001R56,LongtermStim125Hz_LANTS001R56.dat,154,22-Dec-2025,18,2,147,5.49333333333333,23,126.346666666667,4.83902945174237,0,0,BP
LongtermStim125Hz_LANT,Stim125Hz,125,LongtermStim125Hz_LANTS001R57,LongtermStim125Hz_LANTS001R57.dat,155,22-Dec-2025,18,3,147,7.24166666666667,23,166.558333333333,5.1153455984125,26,0.301560517686621,BP
LongtermStim125Hz_LANT,Stim125Hz,125,LongtermStim125Hz_LANTS001R58,LongtermStim125Hz_LANTS001R58.dat,156,08-Jan-2026,19,1,164,3.675,26,95.55,4.55964967068628,0,0,BP
LongtermStim125Hz_LANT,Stim125Hz,125,LongtermStim125Hz_LANTS001R59,LongtermStim125Hz_LANTS001R59.dat,157,08-Jan-2026,19,2,164,10.25,26,266.5,5.5853742436059,0,0,BP
LongtermStim125Hz_LANT,Stim125Hz,125,LongtermStim125Hz_LANTS001R60,LongtermStim125Hz_LANTS001R60.dat,158,09-Jan-2026,20,1,165,4.28833333333333,26,111.496666666667,4.71399469508708,1,0.0171089716025289,BP
LongtermStim125Hz_LANT,Stim125Hz,125,LongtermStim125Hz_LANTS001R61,LongtermStim125Hz_LANTS001R61.dat,159,09-Jan-2026,20,2,165,0.773333333333333,26,20.1066666666667,3.00105143503159,0,0,BP
LongtermStim125Hz_LANT,Stim125Hz,125,LongtermStim125Hz_LANTS001R62,LongtermStim125Hz_LANTS001R62.dat,160,09-Jan-2026,20,3,165,0.783333333333333,25,19.5833333333333,2.97467886435616,2,0.319531354014113,BP
LongtermStim125Hz_LANT,Stim125Hz,125,LongtermStim125Hz_LANTS001R63,LongtermStim125Hz_LANTS001R63.dat,161,09-Jan-2026,20,4,165,0.27,25,6.75,1.90954250488444,0,0,BP
LongtermStim125Hz_LANT,Stim125Hz,125,LongtermStim125Hz_LANTS001R65,LongtermStim125Hz_LANTS001R65.dat,162,09-Jan-2026,20,5,165,0.273333333333333,25,6.83333333333333,1.92181259747625,0,0,BP
LongtermStim125Hz_LANT,Stim125Hz,125,LongtermStim125Hz_LANTS001R66,LongtermStim125Hz_LANTS001R66.dat,163,09-Jan-2026,20,6,165,0.28,25,7,1.94591014905531,0,0,BP
LongtermStim125Hz_LANT,Stim125Hz,125,LongtermStim125Hz_LANTS001R67,LongtermStim125Hz_LANTS001R67.dat,164,09-Jan-2026,20,7,165,8.81666666666667,26,229.233333333333,5.43474040765768,0,0,BP
LongtermStim125Hz_LANT,Stim125Hz,125,LongtermStim125Hz_LANTS001R68,LongtermStim125Hz_LANTS001R68.dat,165,12-Jan-2026,21,1,168,0.225,26,5.85,1.76644166124377,0,0,BP
LongtermStim125Hz_LANT,Stim125Hz,125,LongtermStim125Hz_LANTS001R69,LongtermStim125Hz_LANTS001R69.dat,166,12-Jan-2026,21,2,168,3.98833333333333,26,103.696666666667,4.64146997071371,2,0.0387339673653414,BP
LongtermStim125Hz_LANT,Stim125Hz,125,LongtermStim125Hz_LANTS001R70,LongtermStim125Hz_LANTS001R70.dat,167,12-Jan-2026,21,3,168,10.25,26,266.5,5.5853742436059,3,0.0220019097657677,BP
LongtermStim125Hz_LANT,Stim125Hz,125,LongtermStim125Hz_LANTS001R72,LongtermStim125Hz_LANTS001R72.dat,169,14-Jan-2026,23,1,170,2.40666666666667,26,62.5733333333333,4.13633920225811,2,0.061574585295168,BP
LongtermStim125Hz_LANT,Stim125Hz,125,LongtermStim125Hz_LANTS001R73,LongtermStim125Hz_LANTS001R73.dat,170,14-Jan-2026,23,2,170,0.281666666666667,25,7.04166666666667,1.95184488457513,0,0,BP
LongtermStim125Hz_LANT,Stim125Hz,125,LongtermStim125Hz_LANTS001R74,LongtermStim125Hz_LANTS001R74.dat,171,14-Jan-2026,23,3,170,0.276666666666667,25,6.91666666666667,1.9339339580086,0,0,BP
LongtermStim125Hz_LANT,Stim125Hz,125,LongtermStim125Hz_LANTS001R77,LongtermStim125Hz_LANTS001R77.dat,173,14-Jan-2026,23,4,170,2.46166666666667,26,64.0033333333333,4.15893516533672,6,0.184728684875442,BP
LongtermStim125Hz_LANT,Stim125Hz,125,LongtermStim125Hz_LANTS001R78,LongtermStim125Hz_LANTS001R78.dat,174,14-Jan-2026,23,5,170,0.291666666666667,25,7.29166666666667,1.98673214357557,0,0,BP
LongtermStim125Hz_LANT,Stim125Hz,125,LongtermStim125Hz_LANTS001R79,LongtermStim125Hz_LANTS001R79.dat,175,14-Jan-2026,23,6,170,1.66333333333333,26,43.2466666666667,3.7669201591168,0,0,BP
LongtermStim125Hz_LANT,Stim125Hz,125,LongtermStim125Hz_LANTS001R81,LongtermStim125Hz_LANTS001R81.dat,177,14-Jan-2026,23,7,170,0.573333333333333,21,12.04,2.48823443988068,0,0,BP
LongtermStim125Hz_LANT,Stim125Hz,125,LongtermStim125Hz_LANTS001R83,LongtermStim125Hz_LANTS001R83.dat,178,14-Jan-2026,23,8,170,1.02,26,26.52,3.27789916531766,0,0,BP
LongtermStim125Hz_LANT,Stim125Hz,125,LongtermStim125Hz_LANTS001R87,LongtermStim125Hz_LANTS001R87.dat,180,14-Jan-2026,23,9,170,0.568333333333333,25,14.2083333333333,2.65382864693557,2,0.319531354014113,BP
LongtermStim125Hz_LANT,Stim125Hz,125,LongtermStim125Hz_LANTS001R88,LongtermStim125Hz_LANTS001R88.dat,181,14-Jan-2026,23,10,170,0.43,26,11.18,2.41412646772695,4,0.35778175313059,BP
LongtermStim125Hz_LANT,Stim125Hz,125,LongtermStim125Hz_LANTS001R90,LongtermStim125Hz_LANTS001R90.dat,182,14-Jan-2026,23,11,170,5.06666666666667,26,131.733333333333,4.8807796772056,6,0.102650785449593,BP
LongtermStim125Hz_LANT,Stim125Hz,125,LongtermStim125Hz_LANTS001R91,LongtermStim125Hz_LANTS001R91.dat,183,15-Jan-2026,24,1,171,4.77166666666667,26,124.063333333333,4.82079218790345,2,0.034218957987104,BP
LongtermStim125Hz_LANT,Stim125Hz,125,LongtermStim125Hz_LANTS001R92,LongtermStim125Hz_LANTS001R92.dat,184,15-Jan-2026,24,2,171,0.32,26,8.32,2.11866225483312,0,0,BP
LongtermStim125Hz_LANT,Stim125Hz,125,LongtermStim125Hz_LANTS001R93,LongtermStim125Hz_LANTS001R93.dat,185,15-Jan-2026,24,3,171,0.305,26,7.93,2.07065303564676,0,0,BP
LongtermStim125Hz_LANT,Stim125Hz,125,LongtermStim125Hz_LANTS001R94,LongtermStim125Hz_LANTS001R94.dat,186,15-Jan-2026,24,4,171,0.423333333333333,25,10.5833333333333,2.35928043667059,0,0,BP
LongtermStim125Hz_LANT,Stim125Hz,125,LongtermStim125Hz_LANTS001R95,LongtermStim125Hz_LANTS001R95.dat,187,15-Jan-2026,24,5,171,0.285,24,6.84,1.92278773163446,7,1.0233918128655,BP
LongtermStim125Hz_LANT,Stim125Hz,125,LongtermStim125Hz_LANTS001R96,LongtermStim125Hz_LANTS001R96.dat,188,15-Jan-2026,24,6,171,6.25,26,162.5,5.09067800176979,0,0,BP
LongtermStim125Hz_LANT,Stim125Hz,125,LongtermStim125Hz_LANTS001R98,LongtermStim125Hz_LANTS001R98.dat,190,19-Jan-2026,26,1,175,10.25,26,266.5,5.5853742436059,8,0.0586719458379711,BP
LongtermStim125Hz_LANT,Stim125Hz,125,LongtermStim125Hz_LANTS001R99,LongtermStim125Hz_LANTS001R99.dat,191,29-Jan-2026,27,1,185,6.53833333333333,26,169.996666666667,5.13577882901489,2,0.0217610333879535,BP
LongtermStim133Hz_LANT,Stim133Hz,133,LongtermStim133Hz_LANTS001R01,LongtermStim133Hz_LANTS001R01.dat,192,11-Nov-2025,1,1,106,10.25,23,235.75,5.46277192151357,13,0.107250859347511,BP
LongtermStim133Hz_LANT,Stim133Hz,133,LongtermStim133Hz_LANTS001R02,LongtermStim133Hz_LANTS001R02.dat,193,12-Nov-2025,2,1,107,1.02166666666667,23,23.4983333333333,3.15692949664921,4,0.69458714029792,BP
LongtermStim133Hz_LANT,Stim133Hz,133,LongtermStim133Hz_LANTS001R03,LongtermStim133Hz_LANTS001R03.dat,194,12-Nov-2025,2,2,107,5.24333333333333,23,120.596666666667,4.79245164433123,1,0.0192251249312702,BP
LongtermStim133Hz_LANT,Stim133Hz,133,LongtermStim133Hz_LANTS001R05,LongtermStim133Hz_LANTS001R05.dat,195,12-Nov-2025,2,3,107,6.04166666666667,23,138.958333333333,4.93417412800178,31,0.441126770584434,BP
LongtermStim133Hz_LANT,Stim133Hz,133,LongtermStim133Hz_LANTS001R06,LongtermStim133Hz_LANTS001R06.dat,196,13-Nov-2025,3,1,108,1.24333333333333,21,26.11,3.26231838271104,2,0.38039446906442,BP
LongtermStim133Hz_LANT,Stim133Hz,133,LongtermStim133Hz_LANTS001R07,LongtermStim133Hz_LANTS001R07.dat,197,13-Nov-2025,3,2,108,1.245,26,32.37,3.47723206793815,5,0.767950851145527,BP
LongtermStim133Hz_LANT,Stim133Hz,133,LongtermStim133Hz_LANTS001R08,LongtermStim133Hz_LANTS001R08.dat,198,13-Nov-2025,3,3,108,10.25,26,266.5,5.5853742436059,18,0.131358128720749,BP
LongtermStim133Hz_LANT,Stim133Hz,133,LongtermStim133Hz_LANTS001R09,LongtermStim133Hz_LANTS001R09.dat,199,14-Nov-2025,4,1,109,1.24333333333333,26,32.3266666666667,3.4758924830091,4,0.614319794407642,BP
LongtermStim133Hz_LANT,Stim133Hz,133,LongtermStim133Hz_LANTS001R11,LongtermStim133Hz_LANTS001R11.dat,201,14-Nov-2025,4,2,109,1.24333333333333,26,32.3266666666667,3.4758924830091,7,1.07520275251905,BP
LongtermStim133Hz_LANT,Stim133Hz,133,LongtermStim133Hz_LANTS001R12,LongtermStim133Hz_LANTS001R12.dat,202,14-Nov-2025,4,3,109,7.24333333333333,26,188.326666666667,5.23817804362171,4,0.047092637890187,BP
LongtermStim133Hz_LANT,Stim133Hz,133,LongtermStim133Hz_LANTS001R13,LongtermStim133Hz_LANTS001R13.dat,203,14-Nov-2025,4,4,109,0.85,26,22.1,3.09557760852371,5,0.226244343891403,BP
LongtermStim133Hz_LANT,Stim133Hz,133,LongtermStim133Hz_LANTS001R14,LongtermStim133Hz_LANTS001R14.dat,204,14-Nov-2025,4,5,109,10.25,26,266.5,5.5853742436059,9,0.0656709651150969,BP
LongtermStim133Hz_LANT,Stim133Hz,133,LongtermStim133Hz_LANTS001R15,LongtermStim133Hz_LANTS001R15.dat,205,17-Nov-2025,5,1,112,5.24333333333333,23,120.596666666667,4.79245164433123,13,0.2501958263487,BP
LongtermStim133Hz_LANT,Stim133Hz,133,LongtermStim133Hz_LANTS001R16,LongtermStim133Hz_LANTS001R16.dat,206,17-Nov-2025,5,2,112,1.24333333333333,26,32.3266666666667,3.4758924830091,0,0,BP
LongtermStim133Hz_LANT,Stim133Hz,133,LongtermStim133Hz_LANTS001R17,LongtermStim133Hz_LANTS001R17.dat,207,17-Nov-2025,5,3,112,1.24333333333333,26,32.3266666666667,3.4758924830091,1,0.153631070347667,BP
LongtermStim133Hz_LANT,Stim133Hz,133,LongtermStim133Hz_LANTS001R18,LongtermStim133Hz_LANTS001R18.dat,208,17-Nov-2025,5,4,112,3.24333333333333,23,74.5966666666667,4.31209582345895,15,0.519232965985625,BP
LongtermStim133Hz_LANT,Stim133Hz,133,LongtermStim133Hz_LANTS001R20,LongtermStim133Hz_LANTS001R20.dat,210,17-Nov-2025,5,5,112,7.24333333333333,26,188.326666666667,5.23817804362171,5,0.0588709031738481,BP
LongtermStim133Hz_LANT,Stim133Hz,133,LongtermStim133Hz_LANTS001R21,LongtermStim133Hz_LANTS001R21.dat,211,17-Nov-2025,5,6,112,0.493333333333333,26,12.8266666666667,2.5515263371294,0,0,BP
LongtermStim133Hz_LANT,Stim133Hz,133,LongtermStim133Hz_LANTS001R23,LongtermStim133Hz_LANTS001R23.dat,213,17-Nov-2025,5,7,112,10.25,26,266.5,5.5853742436059,5,0.0364951782570487,BP
LongtermStim133Hz_LANT,Stim133Hz,133,LongtermStim133Hz_LANTS001R24,LongtermStim133Hz_LANTS001R24.dat,214,18-Nov-2025,6,1,113,3.245,26,84.37,4.43521188817754,5,0.153105125040956,BP
LongtermStim133Hz_LANT,Stim133Hz,133,LongtermStim133Hz_LANTS001R25,LongtermStim133Hz_LANTS001R25.dat,215,18-Nov-2025,6,2,113,10.25,26,266.5,5.5853742436059,17,0.12396441103293,BP
LongtermStim133Hz_LANT,Stim133Hz,133,LongtermStim133Hz_LANTS001R26,LongtermStim133Hz_LANTS001R26.dat,216,19-Nov-2025,7,1,114,1.24333333333333,23,28.5966666666667,3.35329016091676,3,0.520767031975096,BP
LongtermStim133Hz_LANT,Stim133Hz,133,LongtermStim133Hz_LANTS001R27,LongtermStim133Hz_LANTS001R27.dat,217,19-Nov-2025,7,2,114,5.24333333333333,23,120.596666666667,4.79245164433123,14,0.269181505564206,BP
LongtermStim133Hz_LANT,Stim133Hz,133,LongtermStim133Hz_LANTS001R28,LongtermStim133Hz_LANTS001R28.dat,218,19-Nov-2025,7,3,114,3.245,23,74.635,4.3126095660852,7,0.242318363635629,BP
LongtermStim133Hz_LANT,Stim133Hz,133,LongtermStim133Hz_LANTS001R29,LongtermStim133Hz_LANTS001R29.dat,219,19-Nov-2025,7,4,114,1.245,21,26.145,3.26365796764009,2,0.380293206061874,BP
LongtermStim133Hz_LANT,Stim133Hz,133,LongtermStim133Hz_LANTS001R30,LongtermStim133Hz_LANTS001R30.dat,220,19-Nov-2025,7,5,114,10.25,26,266.5,5.5853742436059,0,0,BP
LongtermStim133Hz_LANT,Stim133Hz,133,LongtermStim133Hz_LANTS001R31,LongtermStim133Hz_LANTS001R31.dat,221,20-Nov-2025,8,1,115,1.24333333333333,26,32.3266666666667,3.4758924830091,2,0.307241686552031,BP
LongtermStim133Hz_LANT,Stim133Hz,133,LongtermStim133Hz_LANTS001R32,LongtermStim133Hz_LANTS001R32.dat,222,20-Nov-2025,8,2,115,1.24333333333333,23,28.5966666666667,3.35329016091676,3,0.520975033718662,BP
LongtermStim133Hz_LANT,Stim133Hz,133,LongtermStim133Hz_LANTS001R33,LongtermStim133Hz_LANTS001R33.dat,223,20-Nov-2025,8,3,115,1.10833333333333,26,28.8166666666667,3.36095392346119,0,0,BP
LongtermStim133Hz_LANT,Stim133Hz,133,LongtermStim133Hz_LANTS001R34,LongtermStim133Hz_LANTS001R34.dat,224,20-Nov-2025,8,4,115,3.20166666666667,26,83.2433333333333,4.42176804557389,9,0.275651405107514,BP
LongtermStim133Hz_LANT,Stim133Hz,133,LongtermStim133Hz_LANTS001R35,LongtermStim133Hz_LANTS001R35.dat,225,20-Nov-2025,8,5,115,0.293333333333333,23,6.74666666666667,1.90904855575116,3,0.520975033718662,BP
LongtermStim133Hz_LANT,Stim133Hz,133,LongtermStim133Hz_LANTS001R36,LongtermStim133Hz_LANTS001R36.dat,226,20-Nov-2025,8,6,115,0.741666666666667,26,19.2833333333333,2.95924116497158,0,0,BP
LongtermStim133Hz_LANT,Stim133Hz,133,LongtermStim133Hz_LANTS001R37,LongtermStim133Hz_LANTS001R37.dat,227,20-Nov-2025,8,7,115,1.24333333333333,26,32.3266666666667,3.4758924830091,0,0,BP
LongtermStim133Hz_LANT,Stim133Hz,133,LongtermStim133Hz_LANTS001R38,LongtermStim133Hz_LANTS001R38.dat,228,20-Nov-2025,8,8,115,1.215,23,27.945,3.33023829272166,10,1.73669905610406,BP
LongtermStim133Hz_LANT,Stim133Hz,133,LongtermStim133Hz_LANTS001R39,LongtermStim133Hz_LANTS001R39.dat,229,20-Nov-2025,8,9,115,0.688333333333333,26,17.8966666666667,2.88461447576637,0,0,BP
LongtermStim133Hz_LANT,Stim133Hz,133,LongtermStim133Hz_LANTS001R43,LongtermStim133Hz_LANTS001R43.dat,232,20-Nov-2025,8,10,115,3.98333333333333,26,103.566666666667,4.64021552773089,6,0.115780197726849,BP
LongtermStim133Hz_LANT,Stim133Hz,133,LongtermStim133Hz_LANTS001R44,LongtermStim133Hz_LANTS001R44.dat,233,20-Nov-2025,8,11,115,1.24333333333333,26,32.3266666666667,3.4758924830091,0,0,BP
LongtermStim133Hz_LANT,Stim133Hz,133,LongtermStim133Hz_LANTS001R45,LongtermStim133Hz_LANTS001R45.dat,234,20-Nov-2025,8,12,115,1.245,23,28.635,3.35462974584582,2,0.34717802131673,BP
LongtermStim133Hz_LANT,Stim133Hz,133,LongtermStim133Hz_LANTS001R46,LongtermStim133Hz_LANTS001R46.dat,235,20-Nov-2025,8,13,115,1.24333333333333,26,32.3266666666667,3.4758924830091,0,0,BP
LongtermStim133Hz_LANT,Stim133Hz,133,LongtermStim133Hz_LANTS001R47,LongtermStim133Hz_LANTS001R47.dat,236,20-Nov-2025,8,14,115,1.57333333333333,26,40.9066666666667,3.71129304895084,1,0.0244458930899609,BP
LongtermStim133Hz_LANT,Stim133Hz,133,LongtermStim133Hz_LANTS001R48,LongtermStim133Hz_LANTS001R48.dat,237,20-Nov-2025,8,15,115,3.24333333333333,26,84.3266666666667,4.43469814555129,1,0.0306820936233405,BP
LongtermStim133Hz_LANT,Stim133Hz,133,LongtermStim133Hz_LANTS001R49,LongtermStim133Hz_LANTS001R49.dat,238,20-Nov-2025,8,16,115,1.24666666666667,26,32.4133333333333,3.47856986077981,4,0.614401572868026,BP
LongtermStim133Hz_LANT,Stim133Hz,133,LongtermStim133Hz_LANTS001R51,LongtermStim133Hz_LANTS001R51.dat,239,20-Nov-2025,8,17,115,1.24333333333333,23,28.5966666666667,3.35329016091676,0,0,BP
LongtermStim133Hz_LANT,Stim133Hz,133,LongtermStim133Hz_LANTS001R52,LongtermStim133Hz_LANTS001R52.dat,240,20-Nov-2025,8,18,115,4.44666666666667,26,115.613333333333,4.75025128984085,3,0.0511082831194452,BP
LongtermStim133Hz_LANT,Stim133Hz,133,LongtermStim133Hz_LANTS001R53,LongtermStim133Hz_LANTS001R53.dat,241,20-Nov-2025,8,19,115,5.24333333333333,26,136.326666666667,4.91505396642356,24,0.408191264820319,BP
LongtermStim133Hz_LANT,Stim133Hz,133,LongtermStim133Hz_LANTS001R54,LongtermStim133Hz_LANTS001R54.dat,242,20-Nov-2025,8,20,115,1.24333333333333,26,32.3266666666667,3.4758924830091,0,0,BP
LongtermStim133Hz_LANT,Stim133Hz,133,LongtermStim133Hz_LANTS001R55,LongtermStim133Hz_LANTS001R55.dat,243,20-Nov-2025,8,21,115,2.69166666666667,26,69.9833333333333,4.24825711846209,6,0.0857346987377947,BP
LongtermStim133Hz_LANT,Stim133Hz,133,LongtermStim133Hz_LANTS001R56,LongtermStim133Hz_LANTS001R56.dat,244,20-Nov-2025,8,22,115,1.24333333333333,26,32.3266666666667,3.4758924830091,0,0,BP
LongtermStim133Hz_LANT,Stim133Hz,133,LongtermStim133Hz_LANTS001R57,LongtermStim133Hz_LANTS001R57.dat,245,20-Nov-2025,8,23,115,1.24333333333333,23,28.5966666666667,3.35329016091676,0,0,BP
LongtermStim133Hz_LANT,Stim133Hz,133,LongtermStim133Hz_LANTS001R58,LongtermStim133Hz_LANTS001R58.dat,246,20-Nov-2025,8,24,115,0.283333333333333,26,7.36666666666667,1.9969653198556,1,0.153631070347667,BP
LongtermStim133Hz_LANT,Stim133Hz,133,LongtermStim133Hz_LANTS001R59,LongtermStim133Hz_LANTS001R59.dat,247,20-Nov-2025,8,25,115,10.25,26,266.5,5.5853742436059,0,0,BP
LongtermStim133Hz_LANT,Stim133Hz,133,LongtermStim133Hz_LANTS001R60,LongtermStim133Hz_LANTS001R60.dat,248,21-Nov-2025,9,1,116,5.24333333333333,26,136.326666666667,4.91505396642356,8,0.136067766283201,BP
LongtermStim133Hz_LANT,Stim133Hz,133,LongtermStim133Hz_LANTS001R61,LongtermStim133Hz_LANTS001R61.dat,249,21-Nov-2025,9,2,116,5.24333333333333,26,136.326666666667,4.91505396642356,15,0.255115780044844,BP
LongtermStim200Hz_LANT,Stim200Hz,200,LongtermStim200Hz_LANTS001R01,LongtermStim200Hz_LANTS001R01.dat,250,11-Nov-2025,1,1,106,0.85,23,19.55,2.97297528643137,2,0.347362936374689,BP
LongtermStim200Hz_LANT,Stim200Hz,200,LongtermStim200Hz_LANTS001R02,LongtermStim200Hz_LANTS001R02.dat,251,11-Nov-2025,1,2,106,2.22,26,57.72,4.05560373390567,13,0.407741654887463,BP
LongtermStim200Hz_LANT,Stim200Hz,200,LongtermStim200Hz_LANTS001R03,LongtermStim200Hz_LANTS001R03.dat,252,11-Nov-2025,1,3,106,0.458333333333333,21,9.625,2.26436388017385,1,0.19019723453221,BP
LongtermStim200Hz_LANT,Stim200Hz,200,LongtermStim200Hz_LANTS001R04,LongtermStim200Hz_LANTS001R04.dat,253,11-Nov-2025,1,4,106,0.721666666666667,23,16.5983333333333,2.80930228871549,8,1.38935924488325,BP
LongtermStim50Hz_LANT,Stim50Hz,50,LongtermStim50Hz_LANTS001R01,LongtermStim50Hz_LANTS001R01.dat,254,11-Nov-2025,1,1,106,10.25,26,266.5,5.5853742436059,35,0.256543007236223,BP
LongtermStim50Hz_LANT,Stim50Hz,50,LongtermStim50Hz_LANTS001R02,LongtermStim50Hz_LANTS001R02.dat,255,12-Nov-2025,2,1,107,10.25,26,266.5,5.5853742436059,2,0.0146597866658978,BP
LongtermStim50Hz_LANT,Stim50Hz,50,LongtermStim50Hz_LANTS001R03,LongtermStim50Hz_LANTS001R03.dat,256,13-Nov-2025,3,1,108,10.25,26,266.5,5.5853742436059,6,0.04397991876909,BP
LongtermStim50Hz_LANT,Stim50Hz,50,LongtermStim50Hz_LANTS001R06,LongtermStim50Hz_LANTS001R06.dat,258,17-Nov-2025,5,1,112,10.25,26,266.5,5.5853742436059,16,0.117280528426968,BP
LongtermStim50Hz_LANT,Stim50Hz,50,LongtermStim50Hz_LANTS001R07,LongtermStim50Hz_LANTS001R07.dat,259,18-Nov-2025,6,1,113,1.23166666666667,26,32.0233333333333,3.46646480375354,0,0,BP
LongtermStim50Hz_LANT,Stim50Hz,50,LongtermStim50Hz_LANTS001R08,LongtermStim50Hz_LANTS001R08.dat,260,18-Nov-2025,6,2,113,6.53166666666667,26,169.823333333333,5.13475868100497,21,0.248623984637406,BP
LongtermStim50Hz_LANT,Stim50Hz,50,LongtermStim50Hz_LANTS001R09,LongtermStim50Hz_LANTS001R09.dat,261,18-Nov-2025,6,3,113,4.90333333333333,26,127.486666666667,4.84801178396672,22,0.376174262156983,BP
LongtermStim50Hz_LANT,Stim50Hz,50,LongtermStim50Hz_LANTS001R10,LongtermStim50Hz_LANTS001R10.dat,262,18-Nov-2025,6,4,113,10.25,26,266.5,5.5853742436059,24,0.175911852525276,BP
LongtermStim50Hz_LANT,Stim50Hz,50,LongtermStim50Hz_LANTS001R11,LongtermStim50Hz_LANTS001R11.dat,263,19-Nov-2025,7,1,114,0.303333333333333,26,7.88666666666667,2.06517356988213,0,0,BP
LongtermStim50Hz_LANT,Stim50Hz,50,LongtermStim50Hz_LANTS001R12,LongtermStim50Hz_LANTS001R12.dat,264,19-Nov-2025,7,2,114,0.958333333333333,26,24.9166666666667,3.21553692360269,0,0,BP
LongtermStim50Hz_LANT,Stim50Hz,50,LongtermStim50Hz_LANTS001R13,LongtermStim50Hz_LANTS001R13.dat,265,19-Nov-2025,7,3,114,0.375,23,8.625,2.15466496291742,0,0,BP
LongtermStim50Hz_LANT,Stim50Hz,50,LongtermStim50Hz_LANTS001R14,LongtermStim50Hz_LANTS001R14.dat,266,19-Nov-2025,7,4,114,0.655,23,15.065,2.71237417258226,0,0,BP
LongtermStim50Hz_LANT,Stim50Hz,50,LongtermStim50Hz_LANTS001R15,LongtermStim50Hz_LANTS001R15.dat,267,19-Nov-2025,7,5,114,0.368333333333333,26,9.57666666666667,2.25932958432309,0,0,BP
LongtermStim50Hz_LANT,Stim50Hz,50,LongtermStim50Hz_LANTS001R19,LongtermStim50Hz_LANTS001R19.dat,269,19-Nov-2025,7,6,114,10.25,23,235.75,5.46277192151357,4,0.0331436549579801,BP
LongtermStim50Hz_LANT,Stim50Hz,50,LongtermStim50Hz_LANTS001R20,LongtermStim50Hz_LANTS001R20.dat,270,20-Nov-2025,8,1,115,10.25,26,266.5,5.5853742436059,13,0.095288310665303,BP
LongtermStim50Hz_LANT,Stim50Hz,50,LongtermStim50Hz_LANTS001R21,LongtermStim50Hz_LANTS001R21.dat,271,21-Nov-2025,9,1,116,5.45666666666667,26,141.873333333333,4.95493464073642,9,0.140997615573657,BP
LongtermStim50Hz_LANT,Stim50Hz,50,LongtermStim50Hz_LANTS001R22,LongtermStim50Hz_LANTS001R22.dat,272,21-Nov-2025,9,2,116,2.57666666666667,26,66.9933333333333,4.2045931119527,30,0.923187705601595,BP
LongtermStim50Hz_LANT,Stim50Hz,50,LongtermStim50Hz_LANTS001R23,LongtermStim50Hz_LANTS001R23.dat,273,21-Nov-2025,9,3,116,3.18333333333333,26,82.7666666666667,4.41602540384601,8,0.246206370179484,BP
LongtermStim50Hz_LANT,Stim50Hz,50,LongtermStim50Hz_LANTS001R24,LongtermStim50Hz_LANTS001R24.dat,274,21-Nov-2025,9,4,116,0.403333333333333,26,10.4866666666667,2.35010460896202,1,0.0953591862682772,BP
LongtermStim50Hz_LANT,Stim50Hz,50,LongtermStim50Hz_LANTS001R26,LongtermStim50Hz_LANTS001R26.dat,275,21-Nov-2025,9,5,116,1.23833333333333,26,32.1966666666667,3.47186292752309,1,0.0310591158505021,BP
LongtermStim50Hz_LANT,Stim50Hz,50,LongtermStim50Hz_LANTS001R28,LongtermStim50Hz_LANTS001R28.dat,277,24-Nov-2025,10,1,119,0.506666666666667,22,11.1466666666667,2.41114049954839,1,0.18150357562044,BP
LongtermStim50Hz_LANT,Stim50Hz,50,LongtermStim50Hz_LANTS001R29,LongtermStim50Hz_LANTS001R29.dat,278,24-Nov-2025,10,2,119,4.59666666666667,26,119.513333333333,4.78342794115858,21,0.175712612260836,BP
LongtermStim50Hz_LANT,Stim50Hz,50,LongtermStim50Hz_LANTS001R30,LongtermStim50Hz_LANTS001R30.dat,279,24-Nov-2025,10,3,119,10.25,26,266.5,5.5853742436059,12,0.0879567643638283,BP
LongtermStim50Hz_LANT,Stim50Hz,50,LongtermStim50Hz_LANTS001R31,LongtermStim50Hz_LANTS001R31.dat,280,25-Nov-2025,11,1,120,0.431666666666667,20,8.63333333333333,2.15563068003738,1,0.199680511182109,BP
LongtermStim50Hz_LANT,Stim50Hz,50,LongtermStim50Hz_LANTS001R32,LongtermStim50Hz_LANTS001R32.dat,281,25-Nov-2025,11,2,120,10.25,23,235.75,5.46277192151357,23,0.190663827894118,BP
LongtermStim50Hz_LANT,Stim50Hz,50,LongtermStim50Hz_LANTS001R33,LongtermStim50Hz_LANTS001R33.dat,282,26-Nov-2025,12,1,121,1.89333333333333,23,43.5466666666667,3.7738331599941,25,1.21746922237806,BP
LongtermStim50Hz_LANT,Stim50Hz,50,LongtermStim50Hz_LANTS001R34,LongtermStim50Hz_LANTS001R34.dat,283,26-Nov-2025,12,2,121,10.25,26,266.5,5.5853742436059,0,0,BP
LongtermStim50Hz_LANT,Stim50Hz,50,LongtermStim50Hz_LANTS001R35,LongtermStim50Hz_LANTS001R35.dat,284,28-Nov-2025,13,1,123,10.25,23,235.75,5.46277192151357,9,0.0745732236554551,BP
LongtermStim50Hz_LANT,Stim50Hz,50,LongtermStim50Hz_LANTS001R36,LongtermStim50Hz_LANTS001R36.dat,285,01-Dec-2025,14,1,126,1.975,23,45.425,3.81606261428223,10,0.446159680549669,BP
LongtermStim50Hz_LANT,Stim50Hz,50,LongtermStim50Hz_LANTS001R37,LongtermStim50Hz_LANTS001R37.dat,286,01-Dec-2025,14,2,126,10.25,26,266.5,5.5853742436059,14,0.102617202894489,BP
LongtermStim50Hz_LANT,Stim50Hz,50,LongtermStim50Hz_LANTS001R38,LongtermStim50Hz_LANTS001R38.dat,287,02-Dec-2025,15,1,127,7.75833333333333,26,201.716666666667,5.3068640725165,11,0.112634790565846,BP
LongtermStim50Hz_LANT,Stim50Hz,50,LongtermStim50Hz_LANTS001R40,LongtermStim50Hz_LANTS001R40.dat,288,02-Dec-2025,15,2,127,10.25,26,266.5,5.5853742436059,20,0.146601591848951,BP
LongtermStim50Hz_LANT,Stim50Hz,50,LongtermStim50Hz_LANTS001R41,LongtermStim50Hz_LANTS001R41.dat,289,03-Dec-2025,16,1,128,4.165,26,108.29,4.68481281364029,7,0.124424978847754,BP
LongtermStim50Hz_LANT,Stim50Hz,50,LongtermStim50Hz_LANTS001R42,LongtermStim50Hz_LANTS001R42.dat,290,03-Dec-2025,16,2,128,10.25,26,266.5,5.5853742436059,28,0.205229190920563,BP
LongtermStim50Hz_LANT,Stim50Hz,50,LongtermStim50Hz_LANTS001R43,LongtermStim50Hz_LANTS001R43.dat,291,04-Dec-2025,17,1,129,3.95666666666667,26,102.873333333333,4.63349845797495,22,0.432675099023597,BP
LongtermStim50Hz_LANT,Stim50Hz,50,LongtermStim50Hz_LANTS001R44,LongtermStim50Hz_LANTS001R44.dat,292,04-Dec-2025,17,2,129,0.508333333333333,26,13.2166666666667,2.58147865941275,2,0.307221235131772,BP
LongtermStim50Hz_LANT,Stim50Hz,50,LongtermStim50Hz_LANTS001R45,LongtermStim50Hz_LANTS001R45.dat,293,04-Dec-2025,17,3,129,0.573333333333333,26,14.9066666666667,2.70180854017873,0,0,BP
LongtermStim50Hz_LANT,Stim50Hz,50,LongtermStim50Hz_LANTS001R46,LongtermStim50Hz_LANTS001R46.dat,294,04-Dec-2025,17,4,129,3.90166666666667,26,101.443333333333,4.61950035029625,7,0.141661882767372,BP
LongtermStim50Hz_LANT,Stim50Hz,50,LongtermStim50Hz_LANTS001R47,LongtermStim50Hz_LANTS001R47.dat,295,04-Dec-2025,17,5,129,10.25,26,266.5,5.5853742436059,13,0.0952880080041927,BP
LongtermStim50Hz_LANT,Stim50Hz,50,LongtermStim50Hz_LANTS001R48,LongtermStim50Hz_LANTS001R48.dat,296,05-Dec-2025,18,1,130,10.25,26,266.5,5.5853742436059,5,0.0366491174403865,BP
LongtermStim50Hz_LANT,Stim50Hz,50,LongtermStim50Hz_LANTS001R50,LongtermStim50Hz_LANTS001R50.dat,297,08-Dec-2025,19,1,133,10.25,26,266.5,5.5853742436059,2,0.0120423747081229,BP
LongtermStim50Hz_LANT,Stim50Hz,50,LongtermStim50Hz_LANTS001R51,LongtermStim50Hz_LANTS001R51.dat,298,09-Dec-2025,20,1,134,0.226666666666667,26,5.89333333333333,1.77382176854139,0,0,BP
LongtermStim50Hz_LANT,Stim50Hz,50,LongtermStim50Hz_LANTS001R52,LongtermStim50Hz_LANTS001R52.dat,299,09-Dec-2025,20,2,134,10.25,26,266.5,5.5853742436059,9,0.0659688304605944,BP
LongtermStim50Hz_LANT,Stim50Hz,50,LongtermStim50Hz_LANTS001R53,LongtermStim50Hz_LANTS001R53.dat,300,10-Dec-2025,21,1,135,10.25,26,266.5,5.5853742436059,1,0.00733010287555049,BP
LongtermStim50Hz_LANT,Stim50Hz,50,LongtermStim50Hz_LANTS001R54,LongtermStim50Hz_LANTS001R54.dat,301,11-Dec-2025,22,1,136,10.25,26,266.5,5.5853742436059,0,0,BP
LongtermStim50Hz_LANT,Stim50Hz,50,LongtermStim50Hz_LANTS001R55,LongtermStim50Hz_LANTS001R55.dat,302,12-Dec-2025,23,1,137,10.25,26,266.5,5.5853742436059,14,0.0861823437821901,BP
LongtermStim50Hz_LANT,Stim50Hz,50,LongtermStim50Hz_LANTS001R56,LongtermStim50Hz_LANTS001R56.dat,303,15-Dec-2025,24,1,140,10.25,26,266.5,5.5853742436059,16,0.117280528426968,BP
LongtermStim50Hz_LANT,Stim50Hz,50,LongtermStim50Hz_LANTS001R58,LongtermStim50Hz_LANTS001R58.dat,304,19-Dec-2025,25,1,144,4.75833333333333,26,123.716666666667,4.81799400489545,9,0.153903155014678,BP
LongtermStim50Hz_LANT,Stim50Hz,50,LongtermStim50Hz_LANTS001R59,LongtermStim50Hz_LANTS001R59.dat,305,19-Dec-2025,25,2,144,10.25,26,266.5,5.5853742436059,6,0.043979639381617,BP
LongtermStim50Hz_LANT,Stim50Hz,50,LongtermStim50Hz_LANTS001R60,LongtermStim50Hz_LANTS001R60.dat,306,22-Dec-2025,26,1,147,10.25,26,266.5,5.5853742436059,7,0.0513107201288534,BP
LongtermStim50Hz_LANT,Stim50Hz,50,LongtermStim50Hz_LANTS001R61,LongtermStim50Hz_LANTS001R61.dat,307,08-Jan-2026,27,1,164,6.1,26,158.6,5.06638530920075,12,0.148968270585967,BP
LongtermStim50Hz_LANT,Stim50Hz,50,LongtermStim50Hz_LANTS001R62,LongtermStim50Hz_LANTS001R62.dat,308,08-Jan-2026,27,2,164,0.451666666666667,26,11.7433333333333,2.46328570368504,0,0,BP
LongtermStim50Hz_LANT,Stim50Hz,50,LongtermStim50Hz_LANTS001R63,LongtermStim50Hz_LANTS001R63.dat,309,08-Jan-2026,27,3,164,10.25,26,266.5,5.5853742436059,1,0.00732987005117715,BP
LongtermStim50Hz_LANT,Stim50Hz,50,LongtermStim50Hz_LANTS001R64,LongtermStim50Hz_LANTS001R64.dat,310,09-Jan-2026,28,1,165,3.58333333333333,26,93.1666666666667,4.53439000392704,0,0,BP
LongtermStim50Hz_LANT,Stim50Hz,50,LongtermStim50Hz_LANTS001R66,LongtermStim50Hz_LANTS001R66.dat,312,09-Jan-2026,28,2,165,5.45,26,141.7,4.95371214669663,1,0.0157091667700853,BP
LongtermStim50Hz_LANT,Stim50Hz,50,LongtermStim50Hz_LANTS001R68,LongtermStim50Hz_LANTS001R68.dat,314,12-Jan-2026,29,1,168,10.25,26,266.5,5.5853742436059,0,0,BP
LongtermStim50Hz_LANT,Stim50Hz,50,LongtermStim50Hz_LANTS001R69,LongtermStim50Hz_LANTS001R69.dat,315,13-Jan-2026,30,1,169,4.44333333333333,26,115.526666666667,4.74950138354399,1,0.0170992101874814,BP
LongtermStim50Hz_LANT,Stim50Hz,50,LongtermStim50Hz_LANTS001R70,LongtermStim50Hz_LANTS001R70.dat,316,13-Jan-2026,30,2,169,10.25,26,266.5,5.5853742436059,2,0.0146597401023543,BP
LongtermStim50Hz_LANT,Stim50Hz,50,LongtermStim50Hz_LANTS001R71,LongtermStim50Hz_LANTS001R71.dat,317,14-Jan-2026,31,1,170,2.28,26,59.28,4.08227198098783,0,0,BP
LongtermStim50Hz_LANT,Stim50Hz,50,LongtermStim50Hz_LANTS001R72,LongtermStim50Hz_LANTS001R72.dat,318,14-Jan-2026,31,2,170,5.64666666666667,26,146.813333333333,4.98916193857728,0,0,BP
LongtermStim50Hz_LANT,Stim50Hz,50,LongtermStim50Hz_LANTS001R73,LongtermStim50Hz_LANTS001R73.dat,319,14-Jan-2026,31,3,170,1.45166666666667,25,36.2916666666667,3.59158814650456,1,0.0275545350172216,BP
LongtermStim50Hz_LANT,Stim50Hz,50,LongtermStim50Hz_LANTS001R74,LongtermStim50Hz_LANTS001R74.dat,320,14-Jan-2026,31,4,170,4.26666666666667,26,110.933333333333,4.70892942027894,2,0.034199687414857,BP
LongtermStim50Hz_LANT,Stim50Hz,50,LongtermStim50Hz_LANTS001R76,LongtermStim50Hz_LANTS001R76.dat,321,15-Jan-2026,32,1,171,1.23,25,30.75,3.42588999425253,0,0,BP
LongtermStim50Hz_LANT,Stim50Hz,50,LongtermStim50Hz_LANTS001R77,LongtermStim50Hz_LANTS001R77.dat,322,15-Jan-2026,32,2,171,1.24,26,32.24,3.47320791763843,2,0.0620347394540943,BP
LongtermStim50Hz_LANT,Stim50Hz,50,LongtermStim50Hz_LANTS001R78,LongtermStim50Hz_LANTS001R78.dat,323,15-Jan-2026,32,3,171,2.34333333333333,25,58.5833333333333,4.07045024202266,3,0.0512091038406828,BP
LongtermStim50Hz_LANT,Stim50Hz,50,LongtermStim50Hz_LANTS001R79,LongtermStim50Hz_LANTS001R79.dat,324,15-Jan-2026,32,4,171,3.80166666666667,26,98.8433333333333,4.59353610508972,0,0,BP
LongtermStim50Hz_LANT,Stim50Hz,50,LongtermStim50Hz_LANTS001R80,LongtermStim50Hz_LANTS001R80.dat,325,15-Jan-2026,32,5,171,3.35666666666667,26,87.2733333333333,4.46904495608384,6,0.0687495225727599,BP
LongtermStim50Hz_LANT,Stim50Hz,50,LongtermStim50Hz_LANTS001R81,LongtermStim50Hz_LANTS001R81.dat,326,15-Jan-2026,32,6,171,10.25,26,266.5,5.5853742436059,0,0,BP
LongtermStim50Hz_LANT,Stim50Hz,50,LongtermStim50Hz_LANTS001R82,LongtermStim50Hz_LANTS001R82.dat,327,16-Jan-2026,33,1,172,10.25,26,266.5,5.5853742436059,1,0.00732956740160239,BP
LongtermStim50Hz_LANT,Stim50Hz,50,LongtermStim50Hz_LANTS001R83,LongtermStim50Hz_LANTS001R83.dat,328,19-Jan-2026,34,1,175,5.41666666666667,26,140.833333333333,4.94757715812912,0,0,BP
LongtermStim50Hz_LANT,Stim50Hz,50,LongtermStim50Hz_LANTS001R85,LongtermStim50Hz_LANTS001R85.dat,330,19-Jan-2026,34,2,175,0.373333333333333,25,9.33333333333333,2.23359222150709,3,0.321428571428571,BP
LongtermStim50Hz_LANT,Stim50Hz,50,LongtermStim50Hz_LANTS001R86,LongtermStim50Hz_LANTS001R86.dat,331,19-Jan-2026,34,3,175,6.03333333333333,26,156.866666666667,5.05539618762515,5,0.063432993614412,BP
LongtermStim50Hz_LANT,Stim50Hz,50,LongtermStim50Hz_LANTS001R87,LongtermStim50Hz_LANTS001R87.dat,332,29-Jan-2026,35,1,185,2.61333333333333,26,67.9466666666667,4.21872308371569,2,0.0476963459829342,BP
LongtermStim50Hz_LANT,Stim50Hz,50,LongtermStim50Hz_LANTS001R88,LongtermStim50Hz_LANTS001R88.dat,333,29-Jan-2026,35,2,185,4.48833333333333,26,116.696666666667,4.75957797561693,8,0.136793681499852,BP
LongtermStim50Hz_LANT,Stim50Hz,50,LongtermStim50Hz_LANTS001R90,LongtermStim50Hz_LANTS001R90.dat,335,29-Jan-2026,35,3,185,2.25,26,58.5,4.06902675423781,0,0,BP
LongtermStim50Hz_LANT,Stim50Hz,50,LongtermStim50Hz_LANTS001R91,LongtermStim50Hz_LANTS001R91.dat,336,02-Feb-2026,36,1,189,10.25,26,266.5,5.5853742436059,0,0,BP
LongtermStim50Hz_LANT,Stim50Hz,50,LongtermStim50Hz_LANTS001R95,LongtermStim50Hz_LANTS001R95.dat,339,06-Feb-2026,38,1,193,2.58666666666667,26,67.2533333333333,4.2084665835485,6,0.184215023963304,BP
LongtermStim50Hz_LANT,Stim50Hz,50,LongtermStim50Hz_LANTS001R96,LongtermStim50Hz_LANTS001R96.dat,340,06-Feb-2026,38,2,193,0.736666666666667,25,18.4166666666667,2.91325605172975,0,0,BP
LongtermStim50Hz_LANT,Stim50Hz,50,LongtermStim50Hz_LANTS001R98,LongtermStim50Hz_LANTS001R98.dat,341,06-Feb-2026,38,3,193,0.46,25,11.5,2.4423470353692,0,0,BP
LongtermStim50Hz_LANT,Stim50Hz,50,LongtermStim50Hz_LANTS001R99,LongtermStim50Hz_LANTS001R99.dat,342,06-Feb-2026,38,4,193,0.441666666666667,26,11.4833333333333,2.44089670879156,2,0.307078151389529,BP
baseline,Baseline,0,baselineS001R01,baselineS001R01.dat,343,11-Nov-2025,1,1,106,3,21,63,4.14313472639153,21,0.333333333333333,BP
baseline,Baseline,0,baselineS001R02,baselineS001R02.dat,344,12-Nov-2025,2,1,107,3,23,69,4.23410650459726,13,0.188405797101449,BP
baseline,Baseline,0,baselineS001R03,baselineS001R03.dat,345,13-Nov-2025,3,1,108,1.34833333333333,23,31.0116666666667,3.4343634777715,7,0.225721502660289,BP
baseline,Baseline,0,baselineS001R04,baselineS001R04.dat,346,13-Nov-2025,3,2,108,1.1,23,25.3,3.23080439573347,15,0.592885375494071,BP
baseline,Baseline,0,baselineS001R05,baselineS001R05.dat,347,13-Nov-2025,3,3,108,1.99166666666667,21,41.825,3.73349424687289,13,0.310818888224746,BP
baseline,Baseline,0,baselineS001R06,baselineS001R06.dat,348,13-Nov-2025,3,4,108,3,21,63,4.14313472639153,23,0.365079365079365,BP
baseline,Baseline,0,baselineS001R07,baselineS001R07.dat,349,14-Nov-2025,4,1,109,0.57,24,13.68,2.6159349121944,5,0.365497076023392,BP
baseline,Baseline,0,baselineS001R08,baselineS001R08.dat,350,14-Nov-2025,4,2,109,1.47,26,38.22,3.64335893881213,2,0.0523286237571952,BP
baseline,Baseline,0,baselineS001R09,baselineS001R09.dat,351,14-Nov-2025,4,3,109,0.3,26,7.8,2.05412373369555,0,0,BP
baseline,Baseline,0,baselineS001R10,baselineS001R10.dat,352,14-Nov-2025,4,4,109,3,26,78,4.35670882668959,7,0.0897435897435897,BP
baseline,Baseline,0,baselineS001R12,baselineS001R12.dat,353,17-Nov-2025,5,1,112,3,26,78,4.35670882668959,10,0.128205128205128,BP
baseline,Baseline,0,baselineS001R14,baselineS001R14.dat,354,18-Nov-2025,6,1,113,0.578333333333333,23,13.3016666666667,2.58788934065986,5,0.375892745270016,BP
baseline,Baseline,0,baselineS001R15,baselineS001R15.dat,355,18-Nov-2025,6,2,113,0.981666666666667,21,20.615,3.02601896615886,10,0.485083676934271,BP
baseline,Baseline,0,baselineS001R16,baselineS001R16.dat,356,18-Nov-2025,6,3,113,0.883333333333333,23,20.3166666666667,3.01144156725917,6,0.29532403609516,BP
baseline,Baseline,0,baselineS001R17,baselineS001R17.dat,357,18-Nov-2025,6,4,113,3,21,63,4.14313472639153,5,0.0793650793650794,BP
baseline,Baseline,0,baselineS001R18,baselineS001R18.dat,358,19-Nov-2025,7,1,114,0.703333333333333,26,18.2866666666667,2.90617219684135,0,0,BP
baseline,Baseline,0,baselineS001R19,baselineS001R19.dat,359,19-Nov-2025,7,2,114,0.643333333333333,23,14.7966666666667,2.69440193017783,3,0.202748366749268,BP
baseline,Baseline,0,baselineS001R20,baselineS001R20.dat,360,19-Nov-2025,7,3,114,2.95833333333333,21,62.125,4.12914848441679,8,0.128772635814889,BP
baseline,Baseline,0,baselineS001R21,baselineS001R21.dat,361,19-Nov-2025,7,4,114,3,26,78,4.35670882668959,14,0.179487179487179,BP
baseline,Baseline,0,baselineS001R22,baselineS001R22.dat,362,20-Nov-2025,8,1,115,0.743333333333333,21,15.61,2.74791173452734,6,0.384368994234465,BP
baseline,Baseline,0,baselineS001R24,baselineS001R24.dat,363,20-Nov-2025,8,2,115,0.321666666666667,21,6.755,1.91028297141216,1,0.148038490007402,BP
baseline,Baseline,0,baselineS001R26,baselineS001R26.dat,364,20-Nov-2025,8,3,115,0.645,21,13.545,2.60601747553706,3,0.221483942414175,BP
baseline,Baseline,0,baselineS001R27,baselineS001R27.dat,365,20-Nov-2025,8,4,115,2.17166666666667,23,49.9483333333333,3.91098913783785,7,0.140144816310187,BP
baseline,Baseline,0,baselineS001R28,baselineS001R28.dat,366,20-Nov-2025,8,5,115,0.865,23,19.895,2.99046844387889,5,0.251319426991706,BP
baseline,Baseline,0,baselineS001R29,baselineS001R29.dat,367,20-Nov-2025,8,6,115,3,18,54,3.98898404656427,35,0.648148148148148,BP
baseline,Baseline,0,baselineS001R30,baselineS001R30.dat,368,21-Nov-2025,9,1,116,3,21,63,4.14313472639153,19,0.301587301587302,BP
baseline,Baseline,0,baselineS001R31,baselineS001R31.dat,369,24-Nov-2025,10,1,119,3,21,63,4.14313472639153,11,0.174603174603175,BP
baseline,Baseline,0,baselineS001R32,baselineS001R32.dat,370,25-Nov-2025,11,1,120,3,21,63,4.14313472639153,21,0.333333333333333,BP
baseline,Baseline,0,baselineS001R33,baselineS001R33.dat,371,26-Nov-2025,12,1,121,3,22,66,4.18965474202643,34,0.515151515151515,BP
baseline,Baseline,0,baselineS001R34,baselineS001R34.dat,372,28-Nov-2025,13,1,123,1.365,23,31.395,3.44664864456607,42,1.33779264214047,BP
baseline,Baseline,0,baselineS001R36,baselineS001R36.dat,373,28-Nov-2025,13,2,123,3,22,66,4.18965474202643,87,1.31818181818182,BP
baseline,Baseline,0,baselineS001R37,baselineS001R37.dat,374,01-Dec-2025,14,1,126,1.06333333333333,21,22.33,3.10593106585207,1,0.0447828034034931,BP
baseline,Baseline,0,baselineS001R38,baselineS001R38.dat,375,01-Dec-2025,14,2,126,3,15,45,3.80666248977032,8,0.177777777777778,BP
baseline,Baseline,0,baselineS001R40,baselineS001R40.dat,376,02-Dec-2025,15,1,127,3,23,69,4.23410650459726,33,0.478260869565217,BP
baseline,Baseline,0,baselineS001R41,baselineS001R41.dat,377,03-Dec-2025,16,1,128,3,20,60,4.0943445622221,7,0.116666666666667,BP
baseline,Baseline,0,baselineS001R42,baselineS001R42.dat,378,04-Dec-2025,17,1,129,3,26,78,4.35670882668959,12,0.153846153846154,BP
baseline,Baseline,0,baselineS001R43,baselineS001R43.dat,379,05-Dec-2025,18,1,130,3,21,63,4.14313472639153,30,0.476190476190476,BP
baseline,Baseline,0,baselineS001R44,baselineS001R44.dat,380,08-Dec-2025,19,1,133,3,26,78,4.35670882668959,18,0.230769230769231,BP
baseline,Baseline,0,baselineS001R45,baselineS001R45.dat,381,09-Dec-2025,20,1,134,2.07166666666667,23,47.6483333333333,3.86384765222371,3,0.0629612788135297,BP
baseline,Baseline,0,baselineS001R46,baselineS001R46.dat,382,09-Dec-2025,20,2,134,3,22,66,4.18965474202643,9,0.136363636363636,BP
baseline,Baseline,0,baselineS001R47,baselineS001R47.dat,383,10-Dec-2025,21,1,135,3,23,69,4.23410650459726,14,0.202898550724638,BP
baseline,Baseline,0,baselineS001R48,baselineS001R48.dat,384,11-Dec-2025,22,1,136,3,23,69,4.23410650459726,14,0.202898550724638,BP
baseline,Baseline,0,baselineS001R49,baselineS001R49.dat,385,12-Dec-2025,23,1,137,2.39666666666667,26,62.3133333333333,4.13217542108633,31,0.497485824328662,BP
baseline,Baseline,0,baselineS001R50,baselineS001R50.dat,386,12-Dec-2025,23,2,137,3,25,75,4.31748811353631,10,0.133333333333333,BP
baseline,Baseline,0,baselineS001R51,baselineS001R51.dat,387,15-Dec-2025,24,1,140,1.39,15,20.85,3.03735394824481,2,0.0959232613908873,BP
baseline,Baseline,0,baselineS001R52,baselineS001R52.dat,388,15-Dec-2025,24,2,140,0.255,21,5.355,1.67803070389971,1,0.186741363211951,BP
baseline,Baseline,0,baselineS001R53,baselineS001R53.dat,389,15-Dec-2025,24,3,140,3,15,45,3.80666248977032,0,0,BP
baseline,Baseline,0,baselineS001R55,baselineS001R55.dat,390,16-Dec-2025,25,1,141,0.406666666666667,26,10.5733333333333,2.35833510809854,5,0.472887767969735,BP
baseline,Baseline,0,baselineS001R56,baselineS001R56.dat,391,16-Dec-2025,25,2,141,2.06666666666667,22,45.4666666666667,3.81697945674125,5,0.109970674486804,BP
baseline,Baseline,0,baselineS001R57,baselineS001R57.dat,392,16-Dec-2025,25,3,141,0.925,20,18.5,2.91777073208428,2,0.108108108108108,BP
baseline,Baseline,0,baselineS001R58,baselineS001R58.dat,393,16-Dec-2025,25,4,141,0.905,23,20.815,3.03567388064694,21,1.00888782128273,BP
baseline,Baseline,0,baselineS001R61,baselineS001R61.dat,394,16-Dec-2025,25,5,141,1.765,22,38.83,3.65919314374358,9,0.231779551892866,BP
baseline,Baseline,0,baselineS001R64,baselineS001R64.dat,395,19-Dec-2025,26,1,144,1.47666666666667,23,33.9633333333333,3.52528151131808,7,0.20610462263225,BP
baseline,Baseline,0,baselineS001R65,baselineS001R65.dat,396,19-Dec-2025,26,2,144,0.213333333333333,25,5.33333333333333,1.67397643357167,1,0.1875,BP
baseline,Baseline,0,baselineS001R66,baselineS001R66.dat,397,19-Dec-2025,26,3,144,2.86666666666667,23,65.9333333333333,4.1886441305205,30,0.455005055611729,BP
baseline,Baseline,0,baselineS001R67,baselineS001R67.dat,398,19-Dec-2025,26,4,144,1.04833333333333,21,22.015,3.09172403920772,3,0.136270724506019,BP
baseline,Baseline,0,baselineS001R68,baselineS001R68.dat,399,19-Dec-2025,26,5,144,1.06831666666667,25,26.7079166666667,3.28496002582701,1,0.037442081779747,BP
baseline,Baseline,0,baselineS001R69,baselineS001R69.dat,400,19-Dec-2025,26,6,144,0.261666666666667,26,6.80333333333333,1.91741268815364,0,0,BP
baseline,Baseline,0,baselineS001R70,baselineS001R70.dat,401,19-Dec-2025,26,7,144,3,23,69,4.23410650459726,6,0.0869565217391304,BP
baseline,Baseline,0,baselineS001R71,baselineS001R71.dat,402,22-Dec-2025,27,1,147,3,20,60,4.0943445622221,12,0.2,BP
baseline,Baseline,0,baselineS001R72,baselineS001R72.dat,403,08-Jan-2026,28,1,164,0.413333333333333,24,9.92,2.29455292129678,7,0.705645161290323,BP
baseline,Baseline,0,baselineS001R73,baselineS001R73.dat,404,08-Jan-2026,28,2,164,3,25,75,4.31748811353631,2,0.0266666666666667,BP
baseline,Baseline,0,baselineS001R74,baselineS001R74.dat,405,09-Jan-2026,29,1,165,1.52166666666667,20,30.4333333333333,3.41553849893281,5,0.164293537787514,BP
baseline,Baseline,0,baselineS001R75,baselineS001R75.dat,406,09-Jan-2026,29,2,165,3,25,75,4.31748811353631,15,0.2,BP
baseline,Baseline,0,baselineS001R76,baselineS001R76.dat,407,12-Jan-2026,30,1,168,3,21,63,4.14313472639153,3,0.0476190476190476,BP
baseline,Baseline,0,baselineS001R78,baselineS001R78.dat,408,13-Jan-2026,31,1,169,3,25,75,4.31748811353631,5,0.0666666666666667,BP
baseline,Baseline,0,baselineS001R79,baselineS001R79.dat,409,14-Jan-2026,32,1,170,3,26,78,4.35670882668959,8,0.102564102564103,BP
baseline,Baseline,0,baselineS001R80,baselineS001R80.dat,410,15-Jan-2026,33,1,171,3,26,78,4.35670882668959,0,0,BP
baseline,Baseline,0,baselineS001R81,baselineS001R81.dat,411,16-Jan-2026,34,1,172,3,23,69,4.23410650459726,1,0.0144927536231884,BP
baseline,Baseline,0,baselineS001R82,baselineS001R82.dat,412,19-Jan-2026,35,1,175,3,25,75,4.31748811353631,11,0.146666666666667,BP
baseline,Baseline,0,baselineS001R83,baselineS001R83.dat,413,28-Jan-2026,36,1,184,3.19666666666667,26,83.1133333333333,4.42020513824872,65,0.782064650677789,BP
baseline,Baseline,0,baselineS001R85,baselineS001R85.dat,414,28-Jan-2026,36,2,184,4.18166666666667,26,108.723333333333,4.68880642917176,58,0.533464144464543,BP
baseline,Baseline,0,baselineS001R86,baselineS001R86.dat,415,29-Jan-2026,37,1,185,0.706666666666667,26,18.3733333333333,2.91090033803729,0,0,BP
baseline,Baseline,0,baselineS001R87,baselineS001R87.dat,416,29-Jan-2026,37,2,185,3,26,78,4.35670882668959,21,0.269230769230769,BP
baseline,Baseline,0,baselineS001R88,baselineS001R88.dat,417,29-Jan-2026,37,3,185,3.675,26,95.55,4.55964967068628,11,0.115122972265829,BP
baseline,Baseline,0,baselineS001R89,baselineS001R89.dat,418,29-Jan-2026,37,4,185,0.645,26,16.77,2.81959157583512,1,0.0596302921884317,BP
baseline,Baseline,0,baselineS001R90,baselineS001R90.dat,419,02-Feb-2026,38,1,189,3,24,72,4.27666611901606,0,0,BP
baseline,Baseline,0,baselineS001R91,baselineS001R91.dat,420,04-Feb-2026,39,1,191,3,25,75,4.31748811353631,4,0.0533333333333333,BP
baseline,Baseline,0,baselineS001R92,baselineS001R92.dat,421,06-Feb-2026,40,1,193,3,25,75,4.31748811353631,7,0.0933333333333333,BP
baseline,Baseline,0,baselineS001R93,baselineS001R93.dat,422,09-Feb-2026,41,1,196,2.13833333333333,25,53.4583333333333,3.97890253426769,0,0,BP
baseline,Baseline,0,baselineS001R94,baselineS001R94.dat,423,12-Feb-2026,42,1,199,3,25,75,4.31748811353631,1,0.0133333333333333,BP
baseline,Baseline,0,baselineS001R95,baselineS001R95.dat,424,10-Mar-2026,43,1,225,3,17,51,3.93182563272433,0,0,BP
